Sample,Abiotrophia_defectiva,Acinetobacter_sp._oral_taxon_408,Acremonium_sp.,Actinobaculum_sp._oral_taxon_183,Actinomyces_denticolens,Actinomyces_gerencseriae,Actinomyces_naeslundii,Actinomyces_oris,Actinomyces_sp._ICM54,Actinomyces_sp._oral_taxon_169,Actinomyces_sp._oral_taxon_170,Actinomyces_sp._oral_taxon_171,Actinomyces_sp._oral_taxon_175,Actinomyces_sp._oral_taxon_178,Actinomyces_sp._oral_taxon_180,Actinomyces_sp._oral_taxon_414,Actinomyces_sp._oral_taxon_448,Actinomyces_viscosus,Aggregatibacter_actinomycetemcomitans,Aggregatibacter_aphrophilus,Aggregatibacter_segnis,Aggregatibacter_sp._oral_taxon_458,Aggregatibacter_sp._oral_taxon_513,Alloscardovia_omnicolens,Alternaria_sp.,Anaeroglobus_geminatus,Aspergillus_caesiellus,Aspergillus_flavus,Aspergillus_niger,Aspergillus_penicillioides,Aspergillus_sp.,Aspergillus_spathulatus,Aspergillus_spinosus,Aspergillus_versicolor,Atopobium_sp._oral_taxon_416,Aureobasidium_leucospermi,Bacteroidetes_bacterium_oral_taxon_272,Bacteroidetes_bacterium_oral_taxon_274,Bacteroidetes_bacterium_oral_taxon_280,Bifidobacterium_dentium,Bifidobacterium_longum,Brevundimonas_diminuta,Bulleidia_extructa,Burkholderia_sp._oral_taxon_406,Campylobacter_concisus,Campylobacter_curvus,Campylobacter_rectus,Campylobacter_showae,Campylobacter_sp._oral_taxon_G43,Candida_albicans,Candida_parapsilosis,Candida_quercitrusa,Candida_sake,Candida_tropicalis,Capnocytophaga_gingivalis,Capnocytophaga_granulosa,Capnocytophaga_sp._oral_taxon_338,Capnocytophaga_sp._oral_taxon_380,Capnocytophaga_sp._oral_taxon_412,Capnocytophaga_sp._oral_taxon_G34,Capnocytophaga_sputigena,Cardiobacterium_hominis,Cardiobacterium_valvarum,Catonella_morbi,Catonella_sp._oral_taxon_164,Chloroflexi_bacterium_human_oral_taxon_HOT-439,Cladosporium_cladosporioides,Cladosporium_sphaerospermum,Clostridiales_bacterium_oral_taxon_075,Clostridiales_bacterium_oral_taxon_G74,Clostridium_sp._MSTE9,Comamonas_testosteroni,Corynebacterium_durum,Cryptobacterium_curtum,Cryptococcus_sp.,Desulfobulbus_sp._oral_taxon_041,Desulfomicrobium_orale,Desulfovibrio_sp._oral_taxon_040,Dialister_invisus,Dialister_micraerophilus,Dialister_sp._oral_taxon_502,Dialister_sp._oral_taxon_A97,Dietzia_sp._oral_taxon_368,Eggerthia_catenaformis,Eikenella_corrodens,Entamoeba_gingivalis,Enterococcus_faecalis,Eubacterium_brachy,Eubacterium_infirmum,Eubacterium_saphenum,Eubacterium_sp._oral_taxon_B60,Eubacterium_sp._oral_taxon_G32,Eubacterium_sp._oral_taxon_G75,Eubacterium_sulci,Eubacterium_yurii,Filifactor_alocis,Fusarium_oxysporum,Fusarium_sp.,Fusobacteria_bacterium_oral_taxon_220,Fusobacterium_naviforme,Fusobacterium_necrophorum,Fusobacterium_nucleatum,Fusobacterium_periodonticum,Fusobacterium_sp._oral_taxon_203,Fusobacterium_sp._oral_taxon_370,Gemella_haemolysans,Gemella_morbillorum,Granulicatella_adiacens,Granulicatella_elegans,Haemophilus_aegyptius,Haemophilus_haemolyticus,Haemophilus_sp._oral_taxon_036,Haemophilus_sputorum,Johnsonella_sp._oral_taxon_166,Jonquetella_anthropi,Kingella_denitrificans,Kingella_sp._oral_taxon_012,Lachnoanaerobaculum_saburreum,Lachnospiraceae_bacterium_oral_taxon_080,Lachnospiraceae_bacterium_oral_taxon_082,Lachnospiraceae_bacterium_oral_taxon_096,Lachnospiraceae_bacterium_oral_taxon_097,Lachnospiraceae_bacterium_oral_taxon_100,Lachnospiraceae_bacterium_oral_taxon_107,Lachnospiraceae_bacterium_oral_taxon_373,Lachnospiraceae_bacterium_oral_taxon_419,Lachnospiraceae_bacterium_oral_taxon_455,Lactobacillus_casei,Lactobacillus_crispatus,Lactobacillus_fermentum,Lactobacillus_gasseri,Lactobacillus_panis,Lactobacillus_paracasei,Lactobacillus_rhamnosus,Lactobacillus_salivarius,Lactobacillus_sp._oral_taxon_461,Lactobacillus_vaginalis,Lactococcus_lactis,Leptotrichia_sp._oral_taxon_218,Leptotrichia_sp._oral_taxon_219,Leptotrichia_sp._oral_taxon_221,Leptotrichia_sp._oral_taxon_223,Leptotrichia_sp._oral_taxon_225,Leptotrichia_sp._oral_taxon_417,Leptotrichia_sp._oral_taxon_463,Leptotrichia_sp._oral_taxon_498,Leptotrichia_wadei,Malassezia_arunalokei,Malassezia_dermatis,Malassezia_furfur,Malassezia_globosa,Malassezia_japonica,Malassezia_restricta,Malassezia_sp.,Malassezia_sympodialis,Malasseziales_sp.,Megasphaera_micronuciformis,Mogibacterium_timidum,Mycoplasma_orale,Neisseria_bacilliformis,Neisseria_elongata,Neisseria_flavescens,Neisseria_lactamica,Neisseria_meningitidis,Neisseria_mucosa,Neisseria_sp._oral_taxon_014,Neisseria_sp._oral_taxon_499,Neisseria_subflava,Occultifur_sp.,Oribacterium_sinus,Oribacterium_sp._oral_taxon_372,Parvimonas_micra,Parvimonas_sp._oral_taxon_110,Parvimonas_sp._oral_taxon_393,Parvimonas_sp._oral_taxon_D94,Penicillium_brevicompactum,Penicillium_citrinum,Penicillium_commune,Penicillium_glabrum,Peptococcus_sp._oral_taxon_167,Peptoniphilus_indolicus,Peptoniphilus_sp._oral_taxon_375,Peptostreptococcaceae_bacterium_oral_taxon_091,Peptostreptococcaceae_bacterium_oral_taxon_369,Peptostreptococcaceae_bacterium_oral_taxon_383,Peptostreptococcaceae_bacterium_oral_taxon_D17,Peptostreptococcus_stomatis,Pichia_sp.,Plectosphaerella_sp.,Pleosporales_sp.,Polyporales_sp.,Porphyromonas_catoniae,Porphyromonas_endodontalis,Porphyromonas_sp._oral_taxon_279,Prevotella_buccae,Prevotella_dentalis,Prevotella_denticola,Prevotella_melaninogenica,Prevotella_micans,Prevotella_oris,Prevotella_scopos,Prevotella_shahii,Prevotella_sp._oral_taxon_292,Prevotella_sp._oral_taxon_298,Prevotella_sp._oral_taxon_300,Prevotella_sp._oral_taxon_303,Prevotella_sp._oral_taxon_309,Prevotella_sp._oral_taxon_313,Prevotella_sp._oral_taxon_314,Prevotella_sp._oral_taxon_G57,Propionibacterium_acidifaciens,Pseudopropionibacterium_propionicum,Pseudoramibacter_alactolyticus,Rhodotorula_mucilaginosa,Rhodotorula_sp.,Rothia_dentocariosa,Saccharomyces_bayanus,Saccharomyces_cerevisiae,Schaalia_georgiae,Schaalia_meyeri,Schaalia_odontolytica,Selenomonas_artemidis,Selenomonas_flueggei,Selenomonas_noxia,Selenomonas_sp._oral_taxon_126,Selenomonas_sp._oral_taxon_133,Selenomonas_sp._oral_taxon_134,Selenomonas_sp._oral_taxon_149,Selenomonas_sp._oral_taxon_442,Selenomonas_sp._oral_taxon_479,Selenomonas_sp._oral_taxon_F84,Selenomonas_sp._oral_taxon_H64,Selenomonas_sp._oral_taxon_H65,Selenomonas_sputigena,Shuttleworthia_satelles,Sphingomonas_sp._oral_taxon_007,Staphylococcus_epidermidis,Staphylococcus_warneri,Streptococcus_anginosus,Streptococcus_australis,Streptococcus_constellatus,Streptococcus_cristatus,Streptococcus_dysgalactiae,Streptococcus_gordonii,Streptococcus_infantis,Streptococcus_intermedius,Streptococcus_mitis,Streptococcus_mutans,Streptococcus_oralis,Streptococcus_parasanguinis,Streptococcus_salivarius,Streptococcus_sanguinis,Streptococcus_sinensis,Streptococcus_sobrinus,Streptococcus_sp._AC15,Streptococcus_sp._AS14,Streptococcus_sp._BS21,Streptococcus_sp._CM7,Streptococcus_sp._oral_taxon_055,Streptococcus_sp._oral_taxon_056,Streptococcus_sp._oral_taxon_057,Streptococcus_sp._oral_taxon_058,Streptococcus_sp._oral_taxon_061,Streptococcus_sp._oral_taxon_064,Streptococcus_sp._oral_taxon_066,Streptococcus_sp._oral_taxon_070,Streptococcus_sp._oral_taxon_071,Streptococcus_sp._oral_taxon_074,Streptococcus_sp._oral_taxon_431,Streptococcus_vestibularis,Synergistetes_bacterium_oral_taxon_359,Synergistetes_bacterium_oral_taxon_360,Tannerella_forsythia,TM7_phylum_sp._oral_taxon_346,TM7_phylum_sp._oral_taxon_349,TM7_phylum_sp._oral_taxon_350,TM7_phylum_sp._oral_taxon_351,TM7_phylum_sp._oral_taxon_352,Treponema_denticola,Treponema_lecithinolyticum,Treponema_maltophilum,Treponema_medium,Treponema_sp._oral_taxon_227,Treponema_sp._oral_taxon_228,Treponema_sp._oral_taxon_232,Treponema_sp._oral_taxon_234,Treponema_sp._oral_taxon_237,Treponema_sp._oral_taxon_238,Treponema_sp._oral_taxon_239,Treponema_sp._oral_taxon_257,Treponema_sp._oral_taxon_265,Treponema_sp._oral_taxon_271,Treponema_sp._oral_taxon_517,Treponema_sp._oral_taxon_518,Treponema_sp._oral_taxon_G52,Treponema_sp._oral_taxon_G76,Treponema_vincentii,Veillonella_atypica,Veillonella_dispar,Veillonella_parvula,Veillonella_sp._oral_taxon_158,Veillonellaceae_bacterium_oral_taxon_129,Veillonellaceae_bacterium_oral_taxon_131,Veillonellaceae_bacterium_oral_taxon_150,Veillonellaceae_bacterium_oral_taxon_155,Veillonellaceae_bacterium_oral_taxon_483,Xanthomonas_sp._oral_taxon_037
Sample 1,0,0,0,0,0,0,10,0,0,0,0,0,0,0,0,0,0,0,0,0,0,0,0,0,0,2,0,0,0,0,0,0,0,0,0,0,10,0,0,0,0,0,0,0,0,0,0,0,0,0,0,0,0,0,0,0,0,0,0,0,0,0,0,0,0,0,0,0,0,0,0,0,0,0,0,0,0,0,30,0,0,0,0,0,0,0,0,0,0,0,0,0,0,0,0,0,0,0,0,0,0,4345,0,0,2,0,0,0,0,0,9,0,0,0,0,0,0,0,0,0,0,0,0,0,0,0,0,254,0,13,108,124923,59,35,0,0,0,207,0,0,0,0,0,0,0,0,0,0,0,0,0,0,0,0,0,0,0,0,0,0,0,0,0,0,0,0,0,0,0,0,0,0,0,0,0,0,0,0,0,0,0,0,0,0,0,0,0,0,12,0,0,0,0,0,0,0,0,0,0,0,0,0,0,0,0,0,0,0,0,0,0,0,0,0,0,0,0,23,0,0,0,0,0,0,0,0,0,0,0,0,0,0,0,0,0,0,0,0,0,0,0,1180,195,0,0,0,0,27,0,4,11,0,0,0,0,0,0,0,0,0,0,403,0,6,0,0,0,0,0,0,0,0,0,0,0,0,0,0,0,0,0,0,0,0,0,0,0,0,0,0,0,0,0,0,0,0,0,0,0,0,58,0,0,0,0,0,22
Sample 2,0,0,0,0,0,0,22,0,0,0,0,0,0,0,0,0,0,0,0,0,0,0,0,0,0,0,0,0,0,0,0,0,0,0,0,0,12,0,0,0,0,22,0,0,0,0,0,0,0,0,0,0,0,0,0,0,0,0,0,0,0,0,0,0,0,0,0,0,0,0,0,0,0,0,0,0,0,0,15,0,0,0,0,4,0,0,0,0,0,0,0,0,0,0,0,0,0,0,0,0,0,3737,0,0,0,0,0,0,0,0,0,0,0,0,0,0,0,2,0,0,0,0,0,0,0,0,0,202,0,5,75,118857,60,34,0,0,0,220,0,0,0,0,0,0,0,0,0,0,0,0,0,0,0,0,0,2,0,0,0,0,0,4,0,0,0,0,0,0,0,0,0,0,0,0,0,0,0,0,0,0,0,0,0,0,0,0,0,0,17,0,0,0,0,0,0,0,0,0,0,0,0,0,0,0,0,0,0,0,0,0,0,0,0,0,0,0,0,15,0,0,0,0,0,0,0,0,0,0,0,0,0,0,0,0,0,0,0,0,0,0,0,1218,56,0,0,0,0,58,0,8,7,0,0,0,0,0,0,0,0,0,0,402,0,10,0,0,0,0,0,9,0,0,0,0,0,0,0,0,0,0,0,0,0,0,0,0,0,0,0,0,0,0,0,0,0,0,0,0,0,1,22,0,0,0,0,2,90
Sample 3,6,0,0,0,0,0,172,0,0,0,0,0,0,0,0,0,0,0,0,0,0,0,0,0,0,0,0,0,0,0,0,0,0,0,0,0,2,0,0,0,0,0,0,0,0,0,0,0,0,0,0,0,0,0,0,0,0,0,0,0,0,0,0,0,0,0,0,0,0,0,0,0,0,0,0,0,0,0,30,0,0,0,0,8,0,0,0,0,0,0,0,0,0,0,0,0,0,0,0,0,0,2996,2,0,0,0,0,0,0,0,3,0,0,0,0,0,0,0,0,0,0,0,0,0,0,0,0,211,30,3,53,96612,52,161,0,0,0,144,0,0,0,0,0,0,0,0,0,0,0,0,0,0,0,0,0,0,0,0,0,0,0,0,0,0,0,0,0,0,0,0,0,0,0,0,0,0,0,0,0,0,0,0,0,0,0,0,0,0,23,0,0,0,0,0,0,0,0,0,0,0,0,0,0,0,0,0,0,0,0,0,0,0,0,0,0,0,0,18,0,88,0,0,0,0,0,0,0,0,0,0,0,0,0,0,0,0,0,0,0,0,0,1157,57,0,0,0,4,11,0,16,13,0,0,0,0,0,0,0,0,0,0,287,0,19,0,0,246,0,0,0,0,0,10,0,0,0,0,0,0,0,0,0,0,0,0,0,0,0,0,0,0,0,0,0,0,0,0,0,0,0,744,0,0,0,0,0,265
Sample 4,0,0,0,0,0,0,0,0,0,0,0,0,0,0,0,0,0,0,0,0,0,0,0,0,0,0,0,0,0,0,0,0,0,0,0,0,0,0,0,0,0,0,0,0,0,0,0,0,0,0,0,0,0,0,0,0,0,0,0,0,0,0,0,0,0,0,0,0,0,0,0,0,0,0,0,0,0,0,25,7,0,0,0,15,0,0,0,0,0,0,0,0,0,0,0,0,0,0,0,4,0,2683,0,0,2,0,0,2,0,0,7,0,0,0,0,0,0,0,0,0,0,0,0,2,0,0,0,132,0,5,59,90373,22,25,0,0,0,127,0,0,0,0,0,0,0,0,0,0,0,0,0,0,0,0,0,0,0,0,0,0,0,0,0,0,0,0,0,0,0,0,0,0,0,0,0,0,0,0,0,0,0,0,0,0,0,0,0,0,13,0,0,0,0,0,0,0,0,0,0,0,0,0,0,0,0,0,0,0,0,0,0,0,0,0,0,0,0,11,0,0,0,0,0,0,0,0,0,0,0,0,0,0,0,0,0,0,0,0,0,0,0,943,17,0,0,0,0,70,0,0,4,0,0,0,0,0,0,0,0,0,0,296,0,13,0,0,0,0,0,0,0,0,0,0,0,0,0,0,0,0,0,0,0,0,0,0,0,0,0,0,0,0,0,0,0,0,0,0,0,0,62,0,0,0,0,0,36
Sample 5,0,0,0,0,0,0,20,0,0,0,0,0,0,0,0,0,0,0,0,0,0,0,0,0,0,0,0,0,0,0,0,0,0,0,0,0,5,0,0,0,0,20,0,0,0,0,0,0,0,0,0,0,0,0,0,0,0,0,0,0,0,0,0,0,0,0,0,0,0,0,0,0,0,0,0,0,0,0,51,5,0,0,0,18,0,0,0,0,0,0,0,0,0,0,0,0,0,0,0,3,0,3880,0,0,0,0,2,0,0,0,0,0,0,0,0,0,2,0,0,0,0,0,0,0,0,0,0,243,0,12,95,108249,40,50,0,0,0,237,0,98,0,0,0,0,0,0,2,0,0,0,0,0,0,0,0,0,0,0,0,0,4,0,0,0,0,0,0,0,0,0,0,0,0,0,0,0,0,0,0,0,0,0,0,0,0,0,0,0,11,0,0,0,0,0,0,0,0,0,0,0,0,0,0,0,0,0,0,0,0,0,0,0,0,0,0,0,0,4,0,0,0,0,0,0,0,0,0,0,0,0,0,0,0,0,0,0,0,0,0,12,0,1204,59,0,0,0,8,92,0,3,29,0,0,0,0,0,0,0,0,0,0,352,0,58,0,0,0,0,0,0,0,0,0,0,0,0,0,0,0,0,0,0,0,0,0,0,0,0,0,0,0,0,0,0,0,0,0,0,0,0,167,0,0,0,0,0,43
Sample 6,85,8,0,0,0,0,2132,4,0,0,139,502,0,0,0,0,43,0,171,0,0,0,0,0,0,146,0,0,0,0,0,0,0,0,0,0,81,0,0,0,10,73,0,0,0,0,0,0,0,0,0,0,0,0,0,0,0,0,0,0,0,0,0,0,0,0,0,0,0,0,0,85,0,0,0,0,0,0,48,7,0,0,0,39,0,0,0,0,0,0,0,0,0,0,0,0,0,0,2,38,172,2980,0,0,0,4,6,0,0,0,10,0,0,0,0,0,0,0,0,0,0,0,0,0,0,0,0,219,0,0,51,60674,764,1869,0,0,0,136,0,0,0,0,0,0,0,0,11,0,0,0,0,0,0,0,0,0,0,0,0,0,0,0,0,0,0,0,0,0,0,0,0,0,0,0,0,0,0,0,0,0,0,0,0,0,0,0,0,0,101,0,0,0,0,0,0,0,9,0,0,0,0,0,0,0,0,0,0,0,6,0,0,0,0,0,0,0,2,28,0,176,0,0,0,0,0,0,0,0,0,0,0,0,0,0,0,0,0,0,0,8,5,1640,94,0,0,0,80,38,0,15,265,4,5,0,0,0,0,0,0,0,0,927,0,470,0,0,28,0,34,359,0,0,65,0,0,0,4,0,271,0,0,0,0,0,0,0,0,0,0,0,0,0,0,0,0,0,0,5,0,3,4209,0,0,0,0,0,826
Sample 7,10,0,0,0,45,0,9075,0,0,0,0,99,0,0,0,0,18,0,53,0,0,0,0,0,0,169,0,0,0,0,0,0,0,0,0,0,102,0,0,0,0,125,0,0,8,0,0,0,0,0,0,0,0,0,5,0,0,0,0,0,0,0,2,3,0,0,0,0,0,0,0,21,11,0,0,0,0,0,80,6,0,0,0,150,0,8,0,3,0,0,0,0,0,0,0,0,0,0,3,97,629,6757,0,0,0,0,0,0,0,0,0,10,0,0,3,0,0,0,0,0,0,0,0,0,0,0,0,168,14,11,56,62500,1671,2398,0,0,0,133,102,0,0,0,0,0,0,0,9,0,0,0,0,0,0,0,0,0,0,0,0,0,0,0,0,0,0,0,0,0,0,0,0,0,0,0,0,0,0,0,0,0,0,0,0,0,0,0,0,0,332,0,0,0,0,0,0,0,0,0,0,0,0,0,0,0,0,0,0,0,171,0,0,0,0,0,0,0,0,15,0,200,0,0,0,0,0,0,0,0,0,0,0,0,0,0,0,0,0,0,5,5,4,1733,111,0,0,0,66,620,0,115,192,11,0,2,0,0,0,0,0,4,5,1389,41,561,0,0,234,0,14,155,2,0,38,0,0,0,26,0,158,0,0,0,0,0,0,0,0,0,0,0,0,0,0,0,0,0,0,4,0,1,1778,0,0,0,0,0,1364
Sample 8,6,2,0,0,0,0,17517,86,0,0,10,374,0,0,0,0,840,0,126,11,0,58,0,0,0,1006,0,0,0,0,0,0,0,0,0,0,268,0,0,0,0,445,0,0,15,0,0,0,0,0,0,0,0,0,0,0,0,0,0,0,0,0,0,16,0,0,0,0,0,0,0,553,0,0,0,0,0,0,318,27,0,0,0,108,0,0,0,0,0,0,0,0,0,0,12,43,0,0,0,1,29,1778,4,0,0,5,106,0,0,0,14,0,0,0,0,0,0,0,0,0,0,0,0,0,0,0,0,28,0,116,39,244,2822,3593,0,0,0,307,0,163,0,0,0,0,0,0,31,0,0,0,0,0,0,0,0,7,0,0,0,0,0,0,0,0,0,0,0,0,0,0,0,0,0,0,0,0,0,0,0,0,0,0,0,0,0,0,0,0,153,0,0,0,0,54,0,0,15,0,0,0,0,0,0,0,0,0,0,0,47,0,0,0,0,0,0,0,0,63,0,0,5,0,0,0,0,0,0,0,0,0,0,0,0,0,0,0,0,0,205,77,0,312,18,71,0,12,230,497,4,21,1236,20,0,0,0,0,0,0,0,11,16,3268,0,823,0,0,142,0,0,2951,4,0,284,0,0,0,111,0,647,0,0,0,0,0,0,0,0,0,0,0,0,0,0,0,0,0,0,0,0,0,3482,0,0,0,0,0,1574
Sample 9,12,2,0,0,0,0,14924,13,0,0,43,25,0,0,0,0,30,0,283,6,0,0,0,0,0,730,0,0,0,0,0,0,0,0,0,0,151,0,0,0,0,321,0,0,0,0,0,0,0,0,0,0,0,0,0,5,0,0,0,0,0,0,0,0,0,0,0,0,0,0,0,575,6,0,0,0,0,0,140,0,0,0,0,27,0,0,0,0,0,0,0,0,0,0,0,0,0,0,20,10,43,553,6,0,0,0,0,0,0,0,31,0,0,0,0,0,0,0,0,0,0,0,0,0,0,0,0,12,15,13,17,113,1969,2670,0,0,0,110,0,0,0,0,0,0,0,0,4,0,0,0,0,0,2,0,0,0,0,0,0,0,0,5,0,0,0,0,0,0,0,0,0,0,0,0,0,0,0,0,0,0,0,0,0,0,0,0,0,0,30,2,0,0,0,0,0,0,0,0,0,0,0,0,0,0,0,0,0,0,19,0,0,0,0,0,0,0,0,91,0,0,0,0,0,0,0,0,0,0,0,0,0,0,0,0,0,0,0,0,111,0,0,450,72,0,0,0,89,1751,7,125,2530,70,14,12,0,0,0,0,0,16,36,3855,59,1392,0,0,40,15,20,815,0,0,39,2,0,0,147,0,402,0,0,0,0,0,0,0,0,0,0,0,0,0,0,0,0,0,0,0,0,0,365,0,0,0,0,0,424
Sample 10,6,0,0,0,0,0,5661,6,0,0,19,101,0,0,0,0,103,0,62,10,0,136,0,0,0,126,0,0,0,0,0,0,0,0,0,0,67,0,0,0,0,73,0,0,0,0,0,0,0,0,0,0,0,0,0,0,0,0,0,0,0,0,0,9,0,0,0,0,0,0,0,347,18,0,0,0,0,0,154,43,0,0,0,24,0,0,0,0,0,0,0,0,0,0,0,0,0,0,0,7,14,749,0,0,0,0,0,0,0,0,0,0,0,0,4,0,0,0,0,0,0,0,0,0,0,0,0,52,0,0,21,126,898,659,0,0,0,46,0,0,0,0,0,0,0,0,12,0,0,0,0,0,6,0,0,0,0,0,0,0,0,0,0,0,0,0,0,0,0,0,0,0,0,0,0,0,0,0,0,0,0,0,0,0,0,0,0,0,81,0,0,0,0,0,0,0,0,0,0,0,0,0,0,0,0,0,0,0,179,0,0,0,0,0,0,0,0,46,0,0,0,0,0,0,0,0,0,0,0,0,0,0,0,0,0,0,0,0,0,141,0,977,89,0,0,0,22,351,4,20,5906,17,0,0,0,0,0,0,0,0,0,12406,0,305,0,0,45,0,0,210,0,0,63,0,0,0,341,0,445,0,0,0,0,0,0,0,0,0,0,0,0,0,0,0,0,0,0,0,0,0,702,0,0,0,0,0,254
Sample 11,19,0,0,0,0,0,3638,10,0,0,0,31,0,0,0,0,5,0,38,0,0,0,0,0,0,545,0,0,0,0,0,0,0,0,0,0,29,0,0,0,0,14,0,0,0,0,0,0,0,0,0,0,0,0,0,0,0,0,0,0,0,0,0,0,0,0,0,0,0,0,0,569,0,0,0,0,0,0,193,15,0,0,0,48,0,0,0,0,0,0,0,0,0,55,0,23,0,0,0,22,406,484,0,0,0,0,0,0,0,0,0,0,0,0,0,0,0,0,0,0,0,0,0,0,0,0,0,11,0,0,8,11,992,1909,0,0,0,106,0,0,0,0,0,0,0,0,4,0,0,0,0,0,0,0,0,0,0,0,0,0,0,0,0,0,0,0,0,0,0,0,0,0,0,0,0,0,0,0,0,0,0,0,0,0,0,0,0,0,59,0,0,0,0,0,0,0,0,0,0,0,0,0,0,0,0,0,5,0,1042,0,0,0,0,0,0,0,0,44,0,0,0,0,0,0,0,0,0,0,0,0,0,0,0,0,0,0,0,0,7,0,0,9,174,0,0,0,60,880,0,56,1515,6,3,0,0,0,0,0,0,6,0,4216,0,876,0,0,21,5,0,405,0,0,216,0,0,0,158,0,188,0,0,0,0,0,0,0,0,0,0,0,0,0,0,0,0,0,0,0,0,0,1255,0,0,0,0,0,323
Sample 12,255,0,0,0,0,0,5691,28,0,0,0,0,0,0,0,0,93,0,59,0,0,0,0,0,0,245,0,0,0,0,0,0,0,0,0,0,411,0,0,0,0,20,0,0,0,0,0,0,0,0,0,0,0,0,0,0,0,0,0,0,0,0,0,0,0,0,0,0,0,0,0,732,9,0,0,0,0,0,416,42,0,0,0,46,0,0,0,0,0,0,0,0,0,0,9,34,0,0,3,39,160,1298,58,0,0,0,13,4,0,0,5,9,0,0,0,0,0,0,0,0,0,0,0,0,0,0,0,37,0,0,4,348,651,2754,0,0,0,278,0,273,0,0,0,0,0,0,11,0,0,0,0,0,0,0,0,0,0,0,0,0,27,0,0,0,0,0,0,0,0,0,0,0,0,0,0,0,0,0,0,0,0,0,0,0,0,0,5,0,58,0,0,0,0,0,0,0,0,0,0,0,0,0,0,0,0,0,0,0,316,0,0,0,0,0,0,0,9,61,0,0,0,0,0,0,0,0,0,0,0,0,0,0,0,0,0,0,0,0,9,50,0,1530,31,43,0,8,131,2799,0,211,3724,44,14,6,0,0,3,0,0,17,25,7541,0,632,0,0,1125,0,7,698,0,0,53,0,0,0,129,0,33,65,0,0,0,0,0,0,0,0,0,0,0,0,0,0,0,0,0,0,0,2,2438,0,0,0,0,0,2213
Sample 13,149,2,0,0,0,0,24664,63,0,0,0,14,0,2,0,0,10,0,575,0,0,0,0,0,0,1013,0,0,0,0,0,0,0,0,0,0,267,0,0,0,0,82,0,0,3,0,0,19,0,0,0,0,0,0,0,0,0,0,0,0,0,0,2,0,0,0,0,0,0,0,0,602,9,0,0,0,0,0,172,6,0,0,0,699,0,0,0,87,0,0,0,0,0,0,8,63,0,0,36,57,532,2003,39,0,0,0,0,0,0,0,4,0,0,0,0,0,0,0,0,0,0,0,0,0,0,0,0,32,0,0,6,10,2942,12913,0,0,0,53,0,0,0,0,0,0,0,0,11,0,0,0,0,0,0,0,0,0,0,0,0,0,0,0,0,0,0,0,0,0,0,0,0,0,0,0,0,0,0,0,0,0,0,0,0,0,0,0,0,0,89,0,0,0,0,0,0,0,0,0,0,0,0,0,0,0,0,0,2,0,136,0,2,0,0,0,0,0,0,65,0,253,0,0,0,0,0,0,0,0,0,0,0,0,0,0,0,0,0,0,77,52,0,68,37,0,0,0,63,2542,0,273,3030,60,26,6,0,0,0,0,0,26,9,4376,49,1059,0,0,39,0,30,971,22,0,32,0,0,0,0,0,210,0,0,0,0,0,0,0,0,0,0,0,0,0,0,0,0,0,0,8,0,0,367,0,0,0,0,0,167
Sample 14,5,0,0,0,0,0,4158,467,0,0,0,30,0,0,0,0,247,0,424,31,0,145,0,0,0,854,0,0,0,0,0,0,0,0,0,0,316,0,0,0,2,42,0,0,0,0,0,27,0,0,0,0,0,0,0,0,0,0,0,0,0,0,0,0,0,0,0,0,0,0,0,6428,64,0,0,0,0,0,106,0,0,0,0,0,0,0,0,0,0,0,0,0,0,0,0,0,0,0,0,0,430,671,0,0,0,9,0,0,0,0,5,0,0,0,0,0,0,0,0,0,0,0,0,0,0,0,0,46,0,9,13,50,2666,2312,0,0,0,78,24,0,0,0,0,0,0,0,42,0,0,0,0,0,0,0,0,0,0,0,0,0,0,0,0,0,0,0,0,0,0,0,0,0,0,0,0,0,0,0,0,0,0,0,0,0,0,0,0,0,15,0,0,0,0,80,0,0,97,0,0,0,0,0,0,0,0,0,5,0,618,0,0,0,0,0,0,0,2,82,0,0,0,0,0,0,0,0,0,0,0,0,0,0,0,0,0,0,0,0,117,145,54,350,90,0,0,23,257,2110,0,182,7860,216,24,11,0,0,0,0,0,31,9,5399,0,2149,0,0,118,0,13,1232,3,0,18,0,0,0,158,0,739,0,0,0,0,0,0,0,0,0,31,0,0,0,0,0,0,0,0,2,0,0,893,0,0,0,2,0,309
Sample 15,74,5,0,2806,0,0,154,0,0,0,0,0,0,0,0,0,162,0,15,0,0,0,0,0,0,21,0,0,0,0,0,0,0,0,0,0,443,0,0,0,6,255,49,0,37,0,0,0,0,0,0,0,0,0,31,9,0,0,0,11,0,0,20,70,12,0,0,0,0,0,0,108,46,0,0,0,0,0,1013,16,0,0,26,397,27,13,0,0,0,0,0,0,0,87,0,181,0,0,12,50,1152,965,0,0,0,19,0,0,0,0,67,0,0,0,0,0,0,0,0,0,0,0,0,0,0,0,0,342,200,42,25,11,4355,3518,0,0,0,48,0,0,0,0,0,0,0,0,52,0,0,0,0,0,0,0,0,0,0,0,0,0,0,0,0,0,0,0,0,0,0,0,0,91,0,0,0,0,0,0,0,0,0,0,0,0,0,0,4,0,209,0,0,0,0,0,0,0,0,0,0,0,0,0,0,0,0,0,7,0,1001,0,18,0,0,0,0,0,4,191,0,0,0,0,0,0,0,0,0,0,0,0,0,0,0,0,0,0,0,0,0,62,0,0,30,11,0,0,55,1218,0,191,100,0,0,0,0,0,0,0,0,1232,4,2304,15,2692,0,0,7,0,9,3,6,0,220,0,0,0,0,0,67,0,0,0,0,0,0,0,0,0,0,0,0,0,0,0,0,0,0,0,0,0,11759,0,0,0,0,0,3543
Sample 16,120,3,0,0,0,0,6352,10,0,0,0,0,0,0,0,0,253,0,151,0,0,0,0,0,0,196,0,0,0,0,0,0,0,0,0,0,1153,0,0,2,385,2995,0,0,34,0,0,0,0,0,0,0,0,0,23,0,0,0,0,13,0,0,20,48,0,0,0,0,0,16,0,503,0,0,0,0,0,0,1979,12,0,0,44,300,0,5,0,9,0,0,2,0,0,48,64,18,0,0,118,322,1475,1889,605,0,35,0,22,0,0,0,508,0,0,0,2,0,0,0,0,0,0,0,0,0,0,0,0,82,0,50,21,142,1908,5619,0,0,0,73,43,0,0,0,0,11,0,0,209,0,0,0,0,0,0,0,0,0,0,0,0,0,0,0,0,0,0,0,0,0,0,0,0,0,0,0,0,0,0,0,0,0,0,0,0,5,0,0,7,0,654,0,0,0,0,0,0,0,0,0,0,0,0,0,0,0,0,0,0,0,0,0,28,0,0,0,0,0,0,41,0,0,16,0,0,0,0,0,0,0,0,0,0,0,0,0,0,0,0,14,11,41,0,73,0,13,0,0,143,449,0,65,767,9,0,0,0,0,0,0,0,508,0,2663,0,1084,0,0,1269,0,0,817,0,0,233,0,0,0,0,0,201,0,0,0,0,0,0,0,0,0,0,0,0,0,0,11,0,0,0,13,0,27,16643,0,0,0,2,0,8730
Sample 17,164,3,0,1369,0,0,4667,39,0,0,10,7,0,0,0,0,692,0,277,51,35,0,0,0,0,4531,0,0,0,0,0,0,0,0,0,0,2002,0,0,0,31,4806,138,0,108,0,0,0,0,0,0,0,0,0,32,19,0,0,0,0,0,0,34,200,26,0,0,0,0,0,0,846,31,0,0,0,0,0,1205,17,0,0,5,156,0,50,13,7,0,0,0,0,0,0,31,0,0,0,45,293,483,1215,1154,0,383,0,44,8,0,0,113,0,0,0,0,0,0,0,0,0,0,0,0,0,0,0,0,189,0,94,45,0,4760,4700,0,0,0,163,0,10,0,0,0,0,0,0,224,0,0,0,0,0,0,0,0,3,0,0,0,0,0,0,0,0,0,0,0,0,0,0,0,0,0,0,0,0,0,0,0,0,0,0,0,0,0,0,0,0,1025,0,0,0,0,0,0,0,0,0,0,0,0,0,0,13,0,0,0,0,0,0,122,0,0,0,0,0,0,25,0,1541,0,0,0,0,0,0,0,0,0,0,0,0,0,0,0,0,0,0,35,124,48,123,6,11,0,0,181,634,0,214,1293,11,0,0,0,0,0,0,0,2357,16,2237,102,2201,0,0,667,0,32,225,0,0,62,0,0,0,0,0,110,0,0,0,0,0,0,0,0,0,0,0,0,0,0,0,0,0,0,14,0,1,14565,0,0,0,4,0,3693
Sample 18,285,0,0,0,0,0,1591,0,0,0,0,34,0,0,0,0,142,0,108,0,0,0,0,0,0,212,0,0,0,0,0,0,0,0,0,0,337,0,0,0,57,349,0,0,0,0,0,0,0,0,0,0,0,0,3,0,0,0,0,0,0,0,0,0,0,0,0,0,0,0,0,166,0,8,0,0,0,0,848,25,0,0,6,27,0,11,9,35,0,0,0,0,0,2023,43,49,0,0,34,324,63,920,774,0,134,7,13,0,0,0,34,0,0,0,0,0,0,0,0,0,0,0,0,0,0,0,0,252,0,24,20,55,508,964,0,0,0,177,36,45,0,0,0,0,0,0,25,0,0,0,0,0,4,0,0,0,0,0,0,0,0,0,0,0,0,0,0,0,0,0,0,25,0,0,0,0,0,0,0,0,0,0,0,0,0,0,0,0,313,0,0,0,0,0,0,0,0,0,0,0,0,0,0,0,0,11,0,0,0,0,12,0,0,0,0,0,2,34,0,0,0,0,0,0,0,0,0,0,0,0,0,0,0,0,0,0,0,68,133,0,72,51,26,43,0,0,222,406,0,30,324,4,0,0,0,0,0,0,0,101,0,1372,0,5027,0,0,190,0,120,810,0,0,22,0,0,0,0,0,0,0,0,0,0,0,0,0,0,0,0,0,0,0,0,0,0,0,0,4,0,0,14694,0,0,0,0,0,1311
Sample 19,2,0,0,0,0,0,1410,7,0,0,4,0,0,0,0,0,108,0,90,0,0,0,0,0,0,435,0,0,0,0,0,0,0,0,0,0,949,0,0,0,0,2101,15,0,0,0,0,0,0,0,0,0,0,0,0,0,0,0,0,0,0,0,0,23,0,0,0,0,0,0,0,711,0,0,0,0,0,0,134,13,0,0,6,11,0,9,0,0,0,0,0,0,0,0,0,0,0,0,0,0,126,670,77,0,0,0,0,0,0,0,38,0,0,0,0,0,0,0,0,0,0,0,0,0,0,0,0,103,41,24,11,484,3238,2537,0,0,0,87,0,0,0,0,0,0,0,0,75,0,0,0,0,0,0,0,0,0,0,0,0,0,0,0,0,0,0,0,0,0,0,0,0,0,0,0,0,0,0,0,0,0,0,0,0,0,0,0,0,0,949,0,0,0,0,0,0,0,0,0,0,0,0,0,0,0,0,0,0,0,97,0,5,0,0,0,0,0,0,20,0,0,0,0,0,0,0,0,0,0,0,0,0,0,0,0,0,0,0,6,0,5,60,197,0,0,0,0,0,554,0,10,608,4,0,0,0,0,0,0,0,247,4,700,0,763,0,0,0,0,22,168,0,0,227,0,0,0,0,0,83,0,0,0,0,0,0,0,0,0,0,0,0,0,0,0,0,0,0,0,0,0,1098,0,0,0,0,0,893
Sample 20,190,15,0,284,0,0,6185,77,0,0,109,0,0,0,0,0,2060,0,916,102,0,0,0,0,0,4765,0,0,0,0,0,0,0,0,0,0,1814,0,0,0,180,7518,268,0,167,0,0,7,0,0,0,0,0,0,84,10,0,0,0,21,0,4,31,709,14,9,0,0,0,1113,0,8173,0,0,0,0,0,0,451,7,0,0,0,54,0,14,0,53,0,0,0,0,0,204,45,15,0,0,99,174,208,1980,2287,8,645,0,19,8,0,0,41,0,0,0,0,0,0,0,0,0,0,0,0,0,0,0,0,295,0,90,97,102,8823,3694,0,0,0,147,0,34,0,0,0,0,0,0,560,0,0,0,0,0,0,0,0,2,0,0,0,0,0,13,0,0,0,0,0,0,0,0,0,0,0,0,0,0,0,0,0,0,0,0,0,0,0,0,24,0,850,0,0,0,0,0,0,0,32,0,0,0,0,0,0,0,0,0,0,0,11,0,40,0,0,0,0,0,0,63,0,0,9,0,0,0,0,0,4,3,0,0,0,0,0,0,0,0,0,43,53,147,62,245,65,25,0,0,409,262,20,165,1635,26,0,0,0,0,0,0,0,678,0,2126,0,1231,0,0,9,0,20,2528,11,0,265,0,0,0,0,0,370,0,0,0,0,0,0,0,0,0,0,0,0,0,0,0,0,0,0,4,0,1,8908,0,0,27,13,0,2342
Sample 21,6,0,3,0,0,0,0,0,0,0,0,0,0,0,0,0,0,0,0,0,0,0,0,0,0,49,0,0,0,0,0,0,0,0,0,0,0,0,0,0,0,81,0,0,0,0,0,0,0,0,0,0,0,0,0,0,0,0,0,0,0,0,0,0,0,0,0,0,0,0,0,0,18,0,0,0,0,0,362,0,0,0,0,0,0,0,0,0,0,0,0,0,0,0,0,0,0,0,0,3,0,209,70,0,0,0,0,0,0,0,49,15,0,0,0,0,0,0,0,0,0,0,0,0,0,0,0,8,0,7,0,30,42,35,0,0,0,183,0,0,0,0,0,0,0,0,0,0,0,0,0,0,8,0,0,0,0,0,0,0,0,0,0,0,0,0,0,0,0,0,0,0,0,0,0,0,0,0,0,0,0,0,0,0,0,0,0,0,57,0,0,0,0,42,0,0,0,0,0,0,0,0,0,0,0,0,0,0,0,0,0,0,0,0,0,0,0,61,0,0,0,0,0,0,0,0,0,0,0,0,0,0,0,0,0,19,0,0,0,32,0,346,3,0,0,0,8,264,0,125,20,0,0,0,0,0,0,0,0,0,0,1331,0,243,0,0,0,0,0,0,0,0,0,0,0,0,0,0,18,0,0,0,0,0,0,0,0,0,0,0,0,0,0,0,0,0,0,0,0,0,725,0,0,0,0,0,200
Sample 22,34,5,0,2242,240,0,9260,14,0,0,0,37,0,0,0,0,695,0,1495,16,0,0,0,0,0,2577,0,0,0,0,0,0,0,0,0,0,798,0,0,0,46,2209,0,0,31,0,0,0,0,0,0,0,0,0,22,7,0,0,0,0,0,0,18,102,13,0,0,0,0,0,0,112,0,0,0,0,0,0,64,4,0,0,0,112,0,14,0,0,0,0,0,0,0,59,0,0,0,0,0,0,1239,795,93,0,222,5,0,0,0,0,14,0,0,0,0,0,0,0,0,0,0,0,0,0,0,0,0,101,0,261,54,92,12812,8038,0,0,0,215,0,0,0,0,0,0,0,0,103,0,0,0,0,0,0,0,0,4,0,0,0,0,0,0,0,0,0,0,0,0,0,0,0,36,0,0,0,0,0,0,0,0,0,0,0,0,0,0,6,0,579,0,0,0,0,52,0,25,0,0,0,0,0,0,0,0,0,0,0,0,290,0,8,0,0,0,0,0,11,128,0,962,0,0,0,0,0,0,0,0,0,0,0,0,0,0,0,0,0,46,0,0,20,196,7,0,0,7,113,2006,0,748,1126,28,3,0,0,0,0,0,0,2912,5,2056,46,1591,0,0,19,0,10,62,3,0,174,0,0,0,0,0,1104,0,0,0,0,0,86,0,0,16,0,33,0,0,0,0,0,0,0,0,0,6,4125,0,0,0,0,0,683
Sample 23,10,5,0,688,0,0,6601,19,0,10,11,0,0,0,0,0,888,0,2359,24,0,0,0,0,0,3491,0,0,0,0,0,0,0,0,0,0,523,0,0,0,16,1103,6,0,5,0,0,0,0,0,0,0,0,0,9,0,0,0,0,0,0,0,15,349,14,0,0,0,0,17,0,603,0,0,0,0,0,0,277,3,0,0,0,60,0,0,0,0,0,0,0,0,0,0,0,0,0,0,0,0,102,407,18,0,0,0,157,9,0,0,30,0,0,0,0,0,0,0,0,0,0,0,0,0,0,0,0,231,0,58,59,3,3149,2813,0,0,0,64,4,0,0,0,0,0,0,0,244,0,0,0,0,0,0,0,0,0,0,0,0,0,5,0,0,0,0,0,0,0,0,0,0,0,0,0,0,0,0,0,0,0,0,0,0,0,0,0,0,0,1917,0,0,0,0,0,0,0,60,0,0,0,0,0,0,0,0,0,8,7,998,0,0,0,0,0,0,0,0,52,0,0,0,0,0,0,4,0,0,0,0,0,0,0,0,0,0,0,0,38,67,18,0,407,14,23,0,6,87,1335,0,124,1294,24,6,3,3,0,0,0,0,977,5,2133,29,1042,0,0,21,0,0,825,0,0,17,0,0,0,0,0,1650,0,0,0,0,0,0,0,0,0,0,0,0,0,0,0,0,0,0,0,0,0,2720,0,0,0,0,0,678
Sample 24,7,0,0,0,0,0,1617,5,0,0,0,0,0,0,0,0,196,0,159,0,0,0,0,0,0,962,0,0,0,0,0,0,0,0,0,0,566,0,0,0,0,328,13,0,0,0,0,0,0,0,0,0,0,0,0,0,0,0,0,0,0,0,0,53,0,0,0,0,0,0,0,79,0,0,0,0,0,0,76,0,0,0,0,65,0,22,0,0,0,0,0,0,0,0,0,0,0,0,0,0,25,922,0,0,0,0,0,0,0,0,3,0,0,0,0,0,0,0,0,4,0,0,0,0,0,0,0,42,0,24,10,0,1878,6393,0,0,0,77,0,0,0,0,0,0,0,0,15,0,0,0,0,0,6,0,0,4,0,0,0,0,0,0,0,0,0,0,0,0,0,0,0,0,0,0,0,0,0,0,0,0,0,0,0,0,0,0,0,0,65,0,0,0,0,0,0,0,0,0,0,0,0,0,0,0,0,0,20,0,1963,0,0,0,0,0,0,0,0,147,0,0,0,0,0,0,0,0,0,0,0,0,0,0,0,0,0,0,0,0,0,0,0,35,0,0,0,0,0,645,0,203,576,0,0,0,0,0,0,0,0,256,0,1325,0,1317,0,0,0,0,0,50,0,0,30,0,0,0,0,0,1139,0,0,0,0,0,0,0,0,0,0,0,0,0,0,0,0,0,0,0,0,0,414,0,0,0,0,0,89
Sample 25,0,0,0,1766,0,0,6319,13,0,8,13,36,0,0,0,0,287,0,479,0,0,0,0,0,0,7807,0,0,0,0,0,0,0,0,0,0,970,0,0,0,0,1571,31,0,3,0,0,0,0,0,0,0,0,0,4,0,0,0,0,0,0,0,0,18,12,0,0,0,0,12,0,194,0,0,0,0,0,0,68,13,0,0,0,127,0,3,0,0,0,0,0,0,0,0,0,0,0,0,0,0,789,528,18,0,0,0,149,0,0,0,21,0,0,0,0,0,0,0,0,0,0,0,0,0,0,0,0,148,0,55,36,9,9841,16004,0,0,0,144,0,4,0,0,0,0,0,0,102,0,0,0,0,0,0,0,0,0,0,0,0,0,4,0,0,0,0,0,0,0,0,0,0,0,0,0,0,0,0,0,0,0,0,0,0,0,0,0,0,0,767,0,0,0,0,28,0,0,21,0,0,0,0,0,0,0,0,0,45,0,2672,0,4,0,0,0,0,0,0,47,0,1325,20,0,0,0,0,0,0,0,0,0,0,0,0,0,0,0,0,0,8,5,0,302,6,12,0,0,36,2092,0,163,1383,3,3,0,0,0,0,2,0,1613,5,1679,20,1435,0,0,0,0,0,249,124,6,317,0,0,0,0,0,851,0,0,0,0,0,0,0,0,0,0,0,0,0,0,0,0,0,0,2,0,0,240,0,0,2,0,0,431
Sample 26,150,4,0,2762,688,271,5827,3,0,0,0,9,0,0,78,0,1283,0,1826,0,0,0,0,0,0,11175,0,0,0,0,0,0,0,0,0,0,1594,0,0,0,3,2301,26,0,8,0,0,0,0,0,0,0,0,0,8,0,0,0,0,0,0,0,9,67,6,0,0,0,0,15,0,399,0,0,0,0,0,0,44,34,0,0,0,68,0,11,0,0,0,0,0,0,0,0,0,0,0,0,0,0,1685,1770,0,0,0,0,5,5,0,0,3,0,0,0,0,0,0,0,0,0,0,0,0,0,0,0,0,78,0,41,30,36,8852,23752,0,0,0,89,0,8,0,0,0,0,0,0,61,0,0,0,0,0,0,0,0,0,0,0,0,0,0,0,0,0,0,0,0,0,0,0,0,0,0,0,0,0,0,0,0,0,0,0,0,0,0,0,0,0,440,0,0,0,0,30,0,0,15,0,0,0,0,0,0,0,0,0,7,0,743,0,0,0,0,0,0,0,0,36,0,691,0,0,0,0,0,0,0,0,0,0,0,0,0,0,0,0,0,0,0,0,0,122,0,0,0,0,57,1386,0,97,1169,38,4,3,0,0,0,0,0,2172,10,4509,220,1735,0,0,9,0,0,330,0,0,165,0,0,0,0,0,1109,0,0,0,0,0,0,0,0,0,0,0,0,0,0,0,0,0,0,4,0,0,4872,0,0,0,0,0,2258
Sample 27,109,3,0,702,175,0,4545,20,0,0,31,26,0,0,0,0,836,0,529,10,17,0,0,0,0,7118,0,0,0,0,0,0,0,0,0,0,1607,0,0,0,29,3918,10,0,4,0,0,0,0,0,0,0,0,0,3,3,0,0,0,0,0,0,0,58,6,0,0,0,0,41,0,1021,0,0,0,0,0,0,448,2,0,0,0,115,0,35,0,0,0,0,0,0,0,0,0,0,0,0,0,39,381,1909,111,0,0,0,0,0,0,0,34,0,0,0,0,0,0,6,0,0,0,0,0,0,0,0,0,136,48,48,50,151,8961,15312,0,0,0,244,0,503,0,0,0,0,0,0,174,0,0,0,0,0,0,0,0,6,0,0,0,0,28,0,0,0,0,0,0,151,0,0,0,0,0,0,0,0,0,0,0,0,0,0,0,3,0,0,0,0,295,0,0,0,0,0,0,0,0,0,0,0,0,0,0,0,0,0,37,0,1929,0,10,0,0,0,0,0,0,37,0,791,0,0,0,0,0,0,0,0,0,0,0,0,0,0,0,0,0,0,11,162,14,1609,4,0,0,0,53,2373,0,117,2945,10,0,0,0,0,0,0,0,584,5,3492,12,1241,0,0,184,0,8,716,8,0,672,0,0,0,3,0,1554,0,0,0,0,0,0,0,22,0,0,0,0,0,0,0,0,0,0,13,0,3,10106,0,0,0,0,0,6155
Sample 28,3,0,0,0,0,0,4265,21,0,25,30,21,0,0,0,0,317,0,622,34,0,0,0,0,0,5216,0,0,0,0,0,0,0,0,0,0,1060,0,0,0,3,1400,12,0,28,0,0,0,0,0,0,0,0,0,29,7,0,0,0,8,0,0,20,299,20,0,0,0,0,103,0,701,0,0,0,0,0,6,54,8,0,0,0,8,0,2,0,0,0,0,0,0,0,0,0,17,0,0,32,3,117,613,150,0,0,0,0,0,0,0,8,0,0,0,0,0,0,0,0,0,0,0,0,0,0,0,0,78,200,56,30,6,4179,7891,0,0,0,28,0,0,0,0,0,0,0,0,67,0,0,0,0,0,2,0,0,0,0,0,0,0,0,0,0,0,0,0,0,0,0,0,0,0,0,0,0,0,0,0,0,0,0,0,0,0,0,0,7,0,455,0,0,0,0,0,0,0,37,0,0,0,0,0,0,0,0,0,5,0,1155,0,0,0,0,0,0,0,4,21,0,0,0,0,0,0,0,0,0,0,0,0,0,0,0,0,0,0,0,0,0,0,17,38,0,0,0,5,143,1116,0,153,639,6,0,0,0,0,0,0,0,384,0,824,0,687,0,0,0,0,0,73,0,0,327,0,0,0,0,0,1102,0,0,0,0,0,0,0,0,0,0,0,0,0,0,0,0,0,23,8,0,0,1164,0,0,0,0,0,504
Sample 29,2,0,0,0,0,0,12,0,0,0,0,0,0,0,0,0,0,0,0,0,0,0,0,0,0,3,0,0,0,0,0,0,0,0,0,0,0,0,0,0,0,0,0,0,0,0,0,0,0,0,0,0,0,0,0,0,0,0,0,0,0,0,0,0,0,0,0,0,0,0,0,0,57,0,0,0,0,0,249,154,0,0,0,7,0,0,0,0,0,0,0,0,0,0,0,0,0,0,3,2,0,233,0,0,0,0,0,0,0,0,0,0,0,0,0,0,0,0,0,0,0,0,0,0,0,0,0,8,0,0,0,117,5,93,0,0,0,0,0,3,0,0,0,0,0,0,0,0,0,0,0,0,2,0,0,0,0,0,0,0,0,0,0,0,0,0,0,0,0,0,0,39,0,0,0,0,0,0,0,0,0,0,0,0,0,0,0,0,98,0,0,0,0,0,0,0,0,0,0,0,0,0,0,0,0,0,0,0,0,0,0,0,0,0,0,0,0,216,0,0,0,0,0,0,0,0,0,0,0,0,0,0,0,0,0,0,0,0,0,0,0,0,0,0,0,0,0,36,0,0,11,0,142,0,0,0,0,0,0,0,0,261,0,812,0,0,0,0,0,0,0,0,0,0,0,0,0,0,0,0,0,0,0,0,0,0,0,0,0,0,0,0,0,0,0,0,0,0,0,0,239,0,0,0,0,0,31
Sample 30,324,0,0,0,0,0,3540,3,0,0,0,0,0,0,0,0,0,0,35,0,0,0,0,0,0,15,0,0,0,0,0,0,0,0,0,0,57,0,0,0,2,294,0,0,43,0,0,0,0,0,0,0,0,0,22,0,0,0,0,0,0,0,7,52,0,0,0,0,0,4,0,578,0,0,0,0,0,0,503,2,0,0,0,13,0,0,0,46,0,0,0,0,0,13,0,0,0,0,50,141,0,714,9,0,6,0,15,0,0,0,12,0,0,0,7,0,0,0,0,0,0,0,0,0,0,0,0,33,0,10,17,4,25,266,0,0,0,14,80,0,0,0,0,0,0,0,0,0,0,0,0,0,0,0,0,0,0,0,0,0,0,0,0,0,0,0,0,0,0,0,0,0,0,0,0,0,0,0,0,0,0,0,0,0,0,0,0,0,66,0,0,0,0,0,0,0,0,0,0,0,0,0,0,0,0,0,0,0,0,0,25,0,0,0,0,0,38,66,0,163,0,0,0,0,0,0,0,0,0,0,0,0,0,4,0,0,0,162,255,347,0,94,30,29,0,8,53,33,0,454,130,3,0,0,0,0,0,0,0,0,10,749,0,7196,0,0,101,0,0,57,0,0,318,0,0,0,0,0,294,0,0,0,0,0,138,0,0,0,0,0,0,0,0,0,0,0,0,0,0,1,19911,0,0,0,0,0,774
Sample 31,50,2,0,0,0,0,1814,4,0,0,0,427,0,0,0,0,3,0,12,0,0,0,0,0,0,802,0,0,0,0,0,0,0,0,0,0,62,0,0,0,0,312,0,0,6,0,0,0,0,0,0,0,0,0,10,19,0,0,0,0,0,0,8,10,0,0,0,0,0,6,0,1347,0,0,0,6,0,0,623,4,0,0,0,63,0,0,0,39,0,0,0,3,0,0,0,0,0,0,159,400,0,880,1647,3,224,8,24,0,0,0,0,76,0,0,0,0,0,0,0,0,0,0,0,0,0,0,0,121,1757,95,10,0,33,476,0,0,0,24,183,98,0,0,0,0,0,0,52,0,0,0,0,0,0,0,0,33,0,0,0,0,9,0,0,0,0,0,0,0,0,0,0,0,0,0,0,0,0,0,0,0,0,0,0,0,0,0,7,0,17,0,0,0,0,0,0,0,0,0,0,0,0,0,0,0,0,0,0,0,9,0,19,0,0,0,0,0,0,59,0,0,0,0,0,0,24,14,8,11,0,0,0,0,7,33,0,0,31,891,1072,427,239,2147,86,57,0,3,179,817,0,361,287,2,0,0,0,0,0,0,0,0,0,2005,0,1495,0,0,0,0,0,348,0,0,660,0,0,0,0,0,605,0,0,0,0,0,0,0,0,0,0,0,0,0,0,0,0,0,0,27,0,5,6027,0,0,0,5,0,2707
Sample 32,12,0,0,0,0,0,768,0,0,0,0,0,0,0,0,0,0,0,0,0,0,0,0,0,0,8,0,0,0,0,0,0,0,0,0,0,9,0,0,0,0,3,0,0,4,0,0,0,0,0,0,0,0,0,0,0,0,0,0,0,0,0,0,0,0,0,0,0,0,0,0,0,24,0,0,0,0,0,400,2,0,0,0,46,0,0,0,0,0,0,0,0,0,0,0,0,0,0,0,24,0,420,36,0,0,0,171,0,0,0,123,0,0,0,0,0,0,0,0,0,0,0,0,0,0,0,0,8,0,23,10,99,5,137,0,0,0,147,0,0,0,0,0,0,0,0,0,0,0,0,0,0,0,0,0,0,0,0,0,0,0,0,0,0,0,0,0,0,3,0,0,0,0,0,0,0,0,0,0,0,0,0,0,0,0,0,0,0,21,0,0,0,0,0,0,0,0,0,0,0,0,0,0,0,0,0,0,0,5,0,0,0,0,0,0,0,0,44,0,0,0,0,0,0,0,0,0,0,0,0,0,0,0,0,0,0,0,0,0,0,0,0,0,2,0,0,15,119,0,159,960,0,0,0,0,0,0,0,0,0,0,857,0,1542,0,0,0,0,0,31,0,0,521,0,0,0,0,0,48,0,0,0,0,0,0,0,0,0,0,0,0,0,0,0,0,0,0,0,0,0,1814,0,0,0,0,11,168
Sample 33,151,0,0,0,0,0,4,0,0,0,0,0,0,0,0,0,0,0,0,0,0,0,0,0,0,0,0,0,0,0,0,0,0,0,0,0,0,0,0,0,0,0,0,0,0,0,0,0,0,0,0,0,0,0,0,0,0,0,0,0,0,0,0,0,0,0,0,0,0,0,0,4,0,0,0,0,0,0,108,0,0,0,0,8,0,0,0,0,0,0,0,0,0,0,0,0,0,0,0,2,0,153,0,0,0,0,0,0,0,0,0,0,0,0,0,0,0,0,0,0,0,0,0,0,0,0,0,0,0,0,0,680,0,3,0,0,0,0,0,0,0,0,0,0,0,0,0,0,0,0,0,0,5,0,0,0,0,0,0,0,0,0,0,0,0,0,0,0,0,0,0,0,0,0,0,0,0,0,0,0,0,0,0,0,0,0,0,0,25,0,0,0,0,0,0,0,0,0,0,0,0,0,0,0,0,0,0,0,0,0,0,0,0,0,0,0,0,41,0,0,0,0,0,0,0,0,0,0,0,0,0,0,0,0,0,0,0,0,0,0,0,83,2,0,0,0,0,0,0,0,14,0,0,0,0,0,0,0,0,0,0,52,0,0,0,0,0,0,0,0,0,0,0,0,0,0,0,0,0,0,0,0,0,0,0,0,0,0,0,0,0,0,0,0,0,0,0,0,0,0,83,0,0,0,0,0,31
Sample 34,0,0,0,0,0,0,2495,0,0,0,0,74,0,0,0,0,3,0,0,0,0,0,0,0,0,30,0,0,0,0,0,0,0,0,0,0,5,0,0,0,0,25,0,0,94,0,0,0,0,0,0,0,0,0,10,10,0,0,0,0,0,0,12,153,0,0,0,0,0,2,0,119,0,0,0,0,0,0,771,118,0,0,0,49,0,47,0,0,0,0,0,0,0,0,0,16,0,0,0,0,0,1035,0,0,0,0,0,0,0,0,0,0,0,0,28,0,0,0,0,0,0,0,0,0,0,0,0,211,0,69,36,21,24,472,0,0,0,28,0,0,0,0,0,0,0,0,0,0,0,0,0,0,4,0,0,0,0,0,0,0,0,0,0,0,0,0,0,0,0,0,0,0,0,0,0,0,0,0,0,0,0,0,0,0,0,0,0,0,27,0,4,0,0,299,0,0,0,0,0,0,0,0,0,0,0,0,0,0,12,0,33,0,0,0,0,0,0,126,0,0,0,0,0,0,0,0,0,0,0,0,0,0,0,0,0,0,0,0,0,0,23,0,0,0,0,0,31,9,0,59,397,3,0,0,0,0,0,0,0,0,0,1918,0,593,0,0,0,0,0,2,0,0,851,0,0,0,3,0,146,0,0,0,0,0,0,0,0,0,0,0,0,0,0,0,0,0,0,0,0,0,465,0,0,0,0,0,314
Sample 35,24,0,0,0,0,0,582,0,0,0,0,28,0,0,0,0,0,0,0,0,0,0,0,0,0,93,0,0,0,0,0,0,0,0,0,0,5,0,0,0,0,18,5,0,96,0,0,0,0,0,0,0,0,0,4,0,0,0,0,3,0,0,3,9,0,3,0,0,0,15,0,146,263,0,0,0,0,0,783,22,0,0,0,14,0,0,0,0,0,0,0,0,0,167,0,0,0,0,0,68,0,374,598,0,14,0,0,0,0,0,571,0,0,0,6,0,0,0,0,0,0,0,0,0,0,0,0,49,20,589,8,140,2,0,0,0,0,6,0,0,0,0,0,0,0,0,0,0,0,0,0,0,3,0,0,0,0,0,0,0,0,0,0,0,0,0,0,0,0,0,0,12,0,0,0,0,0,0,0,0,0,0,0,0,0,0,0,0,55,0,6,0,0,0,0,0,0,0,0,0,0,0,0,0,0,0,0,0,0,0,7,0,0,0,0,0,0,74,0,0,0,0,0,0,0,0,0,0,0,0,0,0,0,0,0,0,0,0,43,0,0,47,0,0,0,0,64,19,0,94,228,0,0,0,0,0,0,0,0,0,0,539,0,3388,0,0,0,0,0,0,0,0,355,0,0,0,0,0,0,0,0,0,0,0,0,0,0,0,0,0,0,0,0,0,0,0,0,0,0,0,6636,0,0,0,0,0,223
Sample 36,693,0,0,0,0,0,281,0,0,0,0,0,0,0,0,0,0,0,0,0,0,0,0,0,0,138,0,0,0,0,0,0,0,0,0,0,26,0,0,0,0,333,0,0,22,0,0,0,0,0,0,0,0,0,0,0,0,0,0,0,0,0,0,0,0,0,0,0,0,7,0,2142,14,0,0,0,0,0,6006,0,0,0,24,402,0,0,0,294,0,0,0,0,0,976,16,12,0,0,105,192,0,1248,274,0,66,5,26,14,0,0,0,0,0,0,60,0,0,0,0,0,0,0,0,5,0,0,0,120,811,352,13,420,9,152,0,0,851,2,0,96,0,0,0,0,0,0,17,0,0,0,0,0,11,0,0,27,0,0,0,0,0,7,0,0,0,0,0,23,0,0,0,13,0,0,0,2,0,0,0,0,0,0,0,0,0,0,0,0,310,0,0,0,0,0,0,0,0,0,0,0,0,0,0,0,0,0,0,0,0,0,6,0,0,0,0,0,0,225,0,0,0,0,0,0,0,9,0,0,0,0,0,0,0,0,0,2,0,145,316,360,55,216,11,41,0,5,77,1129,0,29,116,8,0,0,0,0,0,0,0,0,31,780,0,3043,0,0,1299,0,0,0,0,0,53,0,0,0,0,0,75,0,0,0,0,0,0,0,0,0,0,0,0,0,0,0,0,0,0,0,0,0,6401,0,0,0,0,0,4076
Sample 37,0,0,0,0,0,0,0,0,0,0,0,0,0,0,0,0,0,0,0,0,0,0,0,0,0,10,0,0,0,0,0,0,0,0,0,0,0,0,0,0,0,239,0,0,0,0,0,0,0,0,0,0,0,0,0,0,0,0,0,0,0,0,0,0,0,0,0,0,0,0,0,10,0,0,0,0,0,0,586,91,0,0,0,138,0,0,0,0,0,0,0,0,0,0,0,0,0,0,0,0,0,400,73,0,0,0,7,0,0,0,0,3,0,0,2,0,0,0,0,0,0,0,0,0,0,0,0,38,0,81,21,4,5,72,0,0,0,93,4,0,0,0,0,0,0,0,0,0,0,0,0,0,0,0,0,50,0,0,0,0,0,0,0,0,0,0,0,0,0,0,0,0,0,0,0,0,0,0,0,0,0,0,0,0,0,0,0,0,130,0,0,0,0,0,0,0,0,0,0,0,0,0,0,0,0,0,0,0,0,0,3,0,0,0,0,0,0,117,0,0,0,0,0,0,0,0,0,0,0,0,0,0,0,0,0,0,0,0,85,115,0,0,0,0,0,0,0,220,0,0,14,0,0,0,0,0,12,0,0,0,29,279,0,1990,0,0,0,0,0,179,0,0,0,0,0,0,0,0,0,0,0,0,0,0,0,0,0,0,0,0,0,0,0,0,0,0,0,0,0,127,1590,0,0,0,0,0,610
Sample 38,3,0,0,0,0,0,63,0,0,0,0,0,0,0,0,0,13,0,0,0,0,0,0,0,0,20,0,0,0,0,0,0,0,0,0,0,9,0,0,0,5,67,0,0,0,0,0,0,0,0,0,0,0,0,0,0,0,0,0,0,0,0,0,18,0,0,0,0,0,0,0,11,0,0,0,0,0,0,515,55,0,3,19,140,551,0,0,9,0,0,0,0,0,0,0,0,0,0,4,2,0,188,116,0,165,25,65,0,0,0,149,92,0,0,12,0,0,90,0,0,27,35,323,85,0,126,0,1369,132,5679,796,445,124,363,0,0,5,154,0,1200,0,0,0,0,0,0,0,0,0,0,0,0,6,0,0,43,0,0,0,0,0,0,0,0,0,0,0,41,0,0,0,69,0,0,0,0,0,0,0,0,0,0,0,0,3,0,0,0,83,0,0,0,6,0,0,0,0,0,43,0,0,0,0,0,0,24,0,0,0,0,19,0,0,0,0,0,4,39,0,0,0,0,0,0,0,0,0,0,0,0,0,0,0,0,0,0,0,0,10,180,0,2858,10,6,0,0,44,3117,0,131,122,0,0,0,0,0,0,0,0,0,9,1395,48,688,0,0,209,0,0,37,0,0,0,0,0,0,0,0,0,0,0,0,0,0,0,0,0,0,0,0,0,0,0,0,15,0,0,0,2,2,190,0,0,0,2,0,455
Sample 39,32,0,0,0,0,0,73,0,0,0,0,0,0,0,0,0,0,0,0,0,0,0,0,0,0,5,0,0,0,0,0,0,0,0,0,0,0,0,0,0,0,230,0,0,8,0,0,0,0,0,0,0,0,0,0,0,0,0,0,0,0,0,0,0,0,0,0,0,0,18,0,255,66,6,0,0,0,0,1307,0,0,0,0,0,0,0,0,236,4,0,0,0,0,728,10,0,0,0,571,569,0,883,431,0,129,7,8,0,0,0,23,0,0,0,0,0,0,0,0,0,0,0,0,0,0,0,0,60,0,112,51,29,22,112,0,0,0,97,0,55,0,0,0,0,0,0,24,0,0,0,0,0,44,0,0,0,0,0,0,0,0,23,0,0,0,0,0,0,0,0,0,0,0,0,0,0,0,0,0,0,0,0,0,0,0,0,2,0,17,0,0,0,0,0,0,0,0,0,0,0,0,0,0,0,0,0,0,0,0,0,9,0,0,0,0,0,0,28,0,0,0,0,0,0,0,0,0,0,0,0,0,0,0,8,0,0,0,42,104,68,0,474,0,0,0,2,209,490,0,31,44,0,0,0,0,0,0,0,0,0,0,2169,0,2044,0,0,0,0,0,0,0,0,11,0,0,0,0,0,0,0,0,0,0,0,0,0,0,0,0,0,0,0,0,0,0,0,0,2,0,0,1535,0,0,0,0,0,1467
Sample 40,71,0,0,0,0,0,31,0,0,0,0,0,0,0,0,0,0,0,2,0,0,0,0,0,0,0,0,0,0,0,0,0,0,0,0,0,0,0,0,0,0,4,0,0,0,0,0,0,0,0,0,0,0,0,0,0,0,0,0,0,0,0,0,0,0,0,0,0,0,0,0,0,124,0,0,0,0,0,598,11,0,0,21,19,0,0,0,22,0,0,0,0,0,0,0,0,0,0,41,33,0,682,111,0,0,0,0,0,0,0,0,0,0,0,0,0,0,0,0,0,0,0,0,0,0,0,0,87,9,13,2,325,10,191,0,0,0,70,27,0,0,0,0,0,0,0,0,0,3,0,0,0,30,3,0,4,0,0,0,0,0,0,0,0,0,0,0,0,0,0,0,0,0,0,0,0,0,0,0,0,0,0,0,0,0,0,0,0,21,0,2,0,0,20,0,0,0,0,0,0,0,0,0,0,0,0,0,0,0,0,3,0,0,0,0,0,0,20,0,0,0,0,0,0,0,0,0,0,0,0,0,54,0,0,0,0,0,0,0,0,0,0,0,9,0,0,0,158,0,27,61,0,0,0,0,0,0,0,0,0,0,963,0,2493,0,0,0,0,0,0,0,0,0,0,0,0,0,0,0,0,0,0,0,0,0,0,0,0,0,0,0,0,0,0,0,0,0,0,0,0,2320,0,0,0,0,0,523
Sample 41,37,0,20,0,0,0,8,0,0,0,0,0,0,0,0,0,0,0,0,0,0,0,0,0,0,0,0,0,0,0,0,0,0,0,0,0,0,0,0,0,0,2,0,0,0,0,0,0,0,0,0,0,0,0,0,0,0,0,0,0,0,0,0,0,0,0,0,0,0,0,0,7,187,0,0,0,0,0,876,75,0,0,0,2,0,0,0,0,0,0,0,0,0,0,0,0,0,0,32,0,0,563,21,0,132,0,0,0,0,0,9,0,0,0,0,0,0,0,0,0,0,0,0,0,0,0,0,3,0,0,0,411,8,228,0,0,0,45,0,0,0,0,0,0,0,0,0,0,0,0,0,0,26,0,0,145,0,0,0,0,0,0,0,0,0,0,0,0,0,0,0,0,0,0,0,0,0,0,0,0,0,0,0,0,0,0,0,0,175,14,0,0,0,0,0,0,0,0,0,0,0,0,0,0,0,0,0,0,0,0,0,0,0,0,0,0,0,76,0,0,0,0,0,0,0,0,0,0,0,0,0,0,0,0,0,0,0,0,0,0,0,0,9,0,0,0,6,54,0,0,107,0,0,0,0,0,0,0,0,0,0,1973,0,1318,0,0,0,0,0,0,0,0,0,0,0,0,0,0,0,0,0,0,0,0,0,0,0,0,0,0,0,0,0,0,0,0,0,0,0,0,2435,0,0,0,0,0,535
Sample 42,0,0,22,0,0,0,12,0,0,0,0,0,0,0,0,0,0,0,0,0,0,0,0,0,0,0,0,0,0,0,0,0,0,0,0,0,0,0,0,0,0,0,0,0,0,0,0,0,0,0,0,0,0,0,0,0,0,0,0,0,0,0,0,0,0,0,0,0,0,0,0,6,23,0,0,0,0,0,96,5,0,0,0,2,0,0,0,0,0,0,0,0,0,24,0,0,0,0,0,0,0,308,22,0,0,0,0,0,0,0,5,0,0,0,0,0,0,0,0,0,0,0,0,0,0,0,0,14,0,0,5,45,4,6,0,0,0,28,0,23,0,0,0,0,0,0,0,0,0,0,0,0,5,0,0,4,0,0,0,0,0,0,0,0,0,0,0,0,0,0,0,0,0,0,0,0,0,0,0,0,0,0,0,0,0,0,0,0,38,0,0,0,0,0,0,0,0,0,0,0,0,0,0,0,0,0,0,0,0,0,0,0,0,0,0,0,0,28,0,0,0,0,0,0,0,0,0,0,0,0,0,0,0,0,0,0,0,0,0,0,0,59,0,0,0,0,0,18,0,0,0,0,0,0,0,0,0,0,0,0,0,936,0,181,0,0,0,0,0,0,0,0,0,0,0,0,0,0,0,0,0,0,0,0,0,0,0,0,0,0,0,0,0,0,0,0,0,0,0,0,164,0,0,0,0,0,279
Sample 43,0,0,0,0,0,0,90,0,0,0,0,0,0,0,0,0,0,0,0,0,0,0,0,0,0,0,0,0,0,0,0,0,0,0,0,0,29,0,0,0,0,81,0,0,2,0,0,0,0,0,0,0,0,0,0,0,0,0,0,0,0,0,0,0,0,0,0,0,0,0,0,26,49,0,0,0,0,0,275,20,0,12,21,4,0,0,0,6,0,0,0,0,0,0,0,0,0,0,0,8,5,241,0,0,0,0,43,0,0,0,3,14,0,0,0,0,0,0,0,0,0,0,0,0,0,0,0,3,0,16,67,85,41,394,0,0,0,350,0,2300,0,0,0,0,0,0,0,0,0,0,0,0,23,0,0,22,0,0,0,0,12,0,0,0,0,0,0,0,2,0,0,0,0,0,0,0,0,0,0,0,0,0,0,0,0,0,5,0,55,0,0,0,0,0,0,0,0,0,0,0,0,0,0,0,0,0,0,0,0,0,3,0,0,0,0,0,0,27,0,0,0,0,0,0,0,0,0,0,0,0,0,0,0,0,0,0,0,0,11,66,0,1885,10,7,0,0,0,1105,0,24,329,0,0,0,0,0,0,0,0,0,15,3135,0,2425,0,0,101,0,0,11,0,0,0,0,0,0,0,0,0,0,0,0,0,0,0,0,0,0,0,0,0,0,0,0,0,0,0,0,0,7,91,0,0,0,0,2,455
Sample 44,11,11,0,0,53,0,30310,364,19,348,1119,320,0,0,81,0,351,0,4884,2886,0,0,0,0,0,6363,0,0,0,0,0,0,0,0,0,0,1386,0,0,3,26,2553,244,0,506,0,0,0,0,0,0,0,0,0,20,8,0,0,0,0,0,0,0,59,30,0,0,0,0,0,0,2638,238,15,0,0,0,0,287,0,0,0,0,9,0,0,0,6,0,0,0,0,0,0,0,0,0,0,64,22,132,379,162,0,0,11,32,0,0,0,147,108,0,0,3,0,0,0,0,0,0,0,0,0,0,0,0,162,0,97,61,3,5813,3422,0,0,0,69,0,0,0,0,0,0,0,0,542,0,0,0,0,0,0,0,0,0,0,0,0,0,0,0,0,0,0,0,0,34,0,0,0,0,0,0,0,0,0,0,0,0,0,0,0,29,0,0,7,0,133,0,0,0,7,0,0,0,72,0,0,0,0,0,0,0,0,0,0,0,16,0,11,0,0,0,0,0,0,26,0,714,27,0,0,0,0,0,0,0,0,0,0,0,0,0,0,0,0,46,232,130,85,365,91,61,0,12,132,1637,0,62,2499,25,7,3,0,0,0,0,0,8,8,1060,51,1803,0,0,7,0,20,913,9,0,123,0,28,0,191,218,3908,75,0,0,0,0,103,0,0,0,0,0,0,60,118,0,0,0,0,18,0,39,1673,0,0,3,0,0,1025
Sample 45,5,16,2,313,0,0,29894,94,85,277,415,660,0,0,0,0,371,0,1504,690,37,0,0,0,0,3612,0,0,0,0,0,0,0,0,3,0,962,0,0,3,0,1754,162,0,85,0,0,0,0,0,0,0,0,0,27,4,0,0,0,0,0,0,5,57,20,0,0,0,0,0,0,852,75,0,0,0,0,0,122,0,0,0,0,0,0,2,0,0,0,0,0,0,0,0,12,0,0,0,25,4,215,393,127,0,0,0,0,0,0,0,34,0,0,0,0,0,0,0,0,0,0,0,0,0,0,0,0,151,0,550,44,52,5303,3170,0,0,0,28,0,15,0,0,0,0,0,0,124,0,0,0,0,0,0,0,0,0,0,0,0,0,0,0,0,0,0,0,0,24,0,0,0,0,0,0,0,0,0,0,0,0,0,0,0,67,0,0,0,0,289,0,0,0,14,0,0,0,30,0,0,0,0,0,0,0,0,0,0,0,25,0,14,0,0,0,0,0,0,29,0,237,41,0,0,0,0,5,0,9,0,0,0,0,0,0,0,5,0,0,131,0,0,312,15,23,0,6,167,892,0,138,1192,17,0,0,0,0,0,0,0,0,32,1203,0,1252,0,0,0,0,0,609,11,0,244,0,32,0,135,0,3880,0,0,0,0,0,0,0,0,0,0,0,0,190,0,0,0,0,57,13,0,18,1086,0,0,0,0,0,458
Sample 46,5,0,21,0,0,0,1451,0,0,0,0,21,0,0,0,0,0,0,0,0,0,0,0,0,0,51,0,0,0,0,0,0,0,0,0,0,57,0,0,0,0,295,11,0,4,0,0,0,0,0,0,0,0,0,0,0,0,0,0,0,0,0,0,0,0,0,0,0,0,0,0,9483,25,0,0,0,0,0,238,82,0,0,0,25,0,95,0,3,0,0,0,0,0,0,5,5,0,0,9,0,72,445,21,0,0,0,166,0,0,0,0,3,0,0,0,0,0,0,0,0,0,0,0,0,0,0,0,107,0,1534,8,95,677,560,0,0,0,157,0,782,0,0,0,0,0,0,0,0,0,0,0,0,21,0,0,35,4,0,0,0,9,0,0,8,0,0,0,0,2,0,0,0,0,0,0,0,0,0,0,0,0,0,0,0,0,0,0,0,267,0,0,0,0,36,0,0,0,0,0,0,0,0,0,0,0,0,0,0,0,0,0,0,0,0,0,0,0,25,0,177,0,0,0,0,0,0,0,0,0,0,0,0,0,0,0,0,0,0,0,20,3,2705,4,4,0,21,26,2306,0,68,459,0,0,0,0,0,0,0,0,0,4,1371,0,727,0,0,0,0,0,135,0,0,0,0,0,0,7,0,36,0,0,0,0,0,0,0,0,0,0,0,0,0,0,0,0,0,50,0,0,1,1361,0,0,0,0,0,786
Sample 47,2,6,18,646,0,0,6167,62,0,0,1054,1741,0,0,0,0,836,0,492,54,0,0,0,0,0,1398,0,0,0,0,0,0,0,0,0,0,1019,0,0,0,39,2171,144,0,313,0,0,0,0,0,0,0,0,0,34,9,7,0,0,5,0,0,8,208,30,0,0,0,0,8,0,8490,15,0,0,0,0,0,318,18,0,0,0,15,0,0,54,90,0,0,0,0,0,0,0,0,0,0,155,22,67,537,47,0,0,6,0,5,0,0,31,0,0,0,0,0,0,0,0,0,0,0,0,0,0,0,0,196,71,837,67,5,12517,4246,0,0,0,42,0,0,0,0,0,0,0,0,86,0,0,0,0,0,3,0,0,4,0,0,0,0,9,0,0,0,0,0,0,0,0,0,0,17,0,0,0,0,0,0,0,0,0,0,0,0,0,0,5,0,141,0,0,0,0,0,0,6,0,0,0,0,0,0,0,0,0,0,0,0,79,0,16,0,0,0,0,0,0,10,0,0,0,0,0,0,0,0,0,0,0,0,0,0,0,0,0,0,0,0,23,20,14,402,103,17,0,0,441,1050,0,124,1122,14,5,0,0,0,0,0,0,4,10,1018,0,1418,0,0,30,0,0,1504,4,0,717,0,0,0,294,0,1062,0,0,0,0,0,0,0,0,0,0,0,0,0,0,0,0,0,0,8,0,13,3698,0,0,0,0,0,1116
Sample 48,5,0,0,0,0,0,1576,0,0,0,0,34,0,0,0,0,0,0,9,0,0,0,0,0,0,168,0,0,0,0,0,0,0,0,0,0,73,0,0,0,0,360,102,0,0,0,0,0,0,0,0,0,2,0,0,0,0,0,0,0,0,0,0,0,0,0,0,0,0,0,0,53,0,0,0,0,0,0,89,0,0,0,0,6,0,0,0,12,0,0,0,0,0,0,0,0,0,0,0,53,148,484,20,0,5,0,0,0,0,0,3,0,0,0,0,0,0,0,0,0,0,0,0,0,0,0,0,102,73,603,3,348,1669,1081,0,0,0,100,0,0,0,0,0,0,0,0,24,0,0,0,0,0,4,3,0,17,0,0,0,0,0,0,0,0,0,0,0,0,0,0,0,0,0,0,0,0,0,0,0,0,0,0,0,0,0,0,0,0,333,0,0,0,0,17,0,0,0,0,0,0,0,0,0,0,0,0,0,0,0,0,0,0,0,0,0,0,0,23,0,0,0,0,0,0,0,0,0,0,0,0,0,0,0,0,0,0,0,0,0,0,0,484,0,0,0,0,0,823,0,96,191,0,0,0,0,0,0,0,0,0,4,471,49,321,0,0,0,0,0,28,0,0,0,0,0,0,22,0,0,0,0,0,0,0,0,0,0,0,0,0,0,0,0,0,0,0,0,0,0,3,72,0,0,0,0,0,104
Sample 49,4,8,0,785,0,0,26170,97,28,205,1083,851,0,0,248,0,378,0,1069,209,0,0,0,0,0,3954,0,0,0,0,0,0,0,0,0,0,1066,0,0,0,70,1890,295,0,491,0,0,0,0,0,0,0,0,0,28,7,0,0,0,10,0,0,15,72,45,8,0,0,0,0,0,567,0,0,0,0,0,0,139,0,0,0,0,41,0,0,215,0,0,0,0,0,0,0,31,0,0,0,0,0,257,334,0,0,0,8,60,0,0,0,26,11,0,0,0,0,0,0,0,0,0,0,0,0,0,0,0,182,0,792,48,3,11988,4819,0,0,13,57,0,0,0,0,0,0,0,0,181,0,0,0,0,0,0,0,0,0,15,0,0,0,0,0,0,0,0,0,0,0,0,0,0,0,0,0,0,0,0,0,0,0,0,0,0,12,0,0,5,0,252,0,0,0,7,0,0,0,0,0,0,0,0,0,0,0,0,0,0,0,31,0,20,0,0,0,0,0,0,24,0,0,20,0,0,0,0,0,0,0,0,0,0,0,0,0,0,0,0,0,20,20,30,62,62,60,0,0,92,780,0,103,990,10,0,0,0,0,0,0,0,0,19,839,0,1443,0,0,10,0,0,989,17,0,295,0,0,0,97,0,2793,0,0,0,0,0,0,0,0,0,0,0,0,0,0,0,27,0,92,5,0,0,1761,0,0,0,5,0,1174
Sample 50,11,0,3,0,47,0,4072,0,0,0,0,144,0,0,0,0,2,0,3,0,0,0,0,0,0,520,0,0,0,0,0,0,0,0,0,0,390,0,0,0,11,684,231,0,19,0,0,0,0,0,0,0,0,0,0,0,0,0,0,0,0,0,2,3,0,0,0,0,0,0,0,241,23,0,0,0,0,0,242,2,0,0,0,38,0,2,3,0,0,0,0,0,0,0,0,0,0,0,0,0,626,297,0,0,0,0,0,0,0,0,15,0,0,0,0,0,0,0,0,0,0,0,7,0,0,0,0,18,0,588,17,6,7527,4915,0,0,11,14,0,0,0,0,0,0,0,0,0,0,0,0,0,0,0,0,0,8,0,0,0,0,0,0,0,0,0,0,0,0,0,0,0,0,0,0,0,0,0,0,0,0,0,0,0,0,0,0,0,0,889,0,0,0,0,0,0,0,0,0,0,0,0,0,0,0,0,0,0,0,0,0,0,0,0,0,0,0,0,14,0,1477,0,0,0,0,0,0,0,0,0,0,0,0,0,0,0,0,0,0,0,0,0,232,9,0,0,0,60,1339,0,80,310,3,0,0,0,0,0,0,0,4,33,622,62,531,0,0,0,0,0,423,0,0,107,0,0,0,0,0,6,0,0,0,0,0,0,0,0,0,0,0,0,0,0,0,0,0,0,0,0,0,1202,0,0,0,0,0,131
Sample 51,19,0,0,188,217,113,8123,3,0,2,0,247,4,0,0,0,6,0,36,0,0,0,0,0,0,301,0,0,0,0,0,0,0,0,0,0,534,0,0,0,11,884,21,0,2,0,4,0,0,0,0,0,0,0,7,0,0,0,0,0,0,0,0,0,0,0,2,0,0,0,0,85,20,0,0,0,0,0,81,0,0,0,0,480,0,27,0,0,0,0,0,0,0,9,10,0,0,0,0,287,931,407,36,0,0,2,74,0,0,0,3,0,0,0,0,0,0,0,0,0,0,0,0,0,0,0,0,25,44,355,5,5,6294,4992,0,0,0,35,0,49,0,0,0,0,0,0,0,0,0,0,0,0,0,0,0,10,0,0,0,0,2,0,0,0,0,0,0,3,0,0,0,0,0,0,0,0,0,0,0,0,0,0,0,7,0,0,20,0,146,0,0,0,0,0,0,0,0,0,0,0,0,0,0,0,0,0,0,0,11,0,0,0,0,0,0,0,0,35,0,7610,0,0,0,0,0,0,0,0,0,0,0,0,0,0,0,0,0,0,15,0,9,287,0,0,0,0,71,2156,0,50,298,6,3,2,0,0,0,0,0,4,25,1773,97,370,0,0,0,0,0,200,2,0,101,0,0,0,0,0,16,0,0,0,0,0,0,0,0,0,0,0,0,0,0,0,0,0,0,0,0,0,1409,0,0,0,0,0,1213
Sample 52,81,0,0,788,0,232,22419,0,0,7,0,212,0,0,0,0,9,0,100,0,0,0,0,0,0,1192,0,0,0,0,0,0,0,0,0,0,767,0,0,2,0,1403,56,0,6,0,0,0,0,0,0,0,0,0,3,0,0,0,0,0,0,0,0,4,0,0,0,0,0,0,0,85,4,0,0,0,0,0,75,24,0,0,0,100,0,10,0,73,0,0,0,0,0,17,7,36,0,0,82,76,1066,434,31,10,22,0,0,0,0,0,15,14,0,0,0,0,0,0,0,0,0,0,0,4,0,0,0,61,0,492,32,50,20120,11525,0,0,9,91,0,98,0,0,0,0,0,0,4,0,0,0,2,0,4,0,0,3,0,0,0,0,13,0,0,0,0,0,0,0,0,0,0,0,0,0,0,0,0,0,0,0,0,0,0,0,0,0,0,0,257,0,0,0,0,0,0,0,0,0,0,0,0,0,0,0,0,0,0,0,0,0,2,0,0,0,0,0,0,10,0,4340,0,0,0,0,0,0,0,0,0,0,0,0,0,0,0,0,0,0,44,0,0,293,10,0,0,0,88,1928,0,64,652,12,8,0,0,0,0,0,0,0,25,1494,145,657,0,0,0,0,20,321,0,0,126,0,0,0,0,0,141,0,0,0,0,0,0,0,0,0,0,0,94,0,0,0,0,0,0,0,0,1,1779,0,0,0,0,0,1234
Sample 53,18,0,0,868,56,0,14225,7,0,0,0,107,0,0,0,0,22,0,12,3,0,11,0,0,0,128,0,0,0,0,0,0,0,0,0,0,476,0,0,0,0,638,16,0,48,0,0,0,0,0,0,0,0,0,10,0,0,0,0,0,0,0,2,5,0,0,0,0,0,0,0,155,16,0,0,0,0,0,412,8,0,0,1,1763,0,0,0,2,0,0,0,0,0,26,18,0,0,0,0,243,1295,705,0,0,0,0,11,0,0,0,3,0,0,0,0,0,2,0,0,0,0,0,0,0,0,0,0,29,0,597,10,88,6114,7897,0,0,5,20,0,0,0,0,0,0,0,0,9,0,0,0,0,0,0,0,0,2,0,0,0,0,0,0,0,0,0,0,0,0,0,0,0,0,0,0,0,0,0,0,0,0,0,0,0,0,0,0,3,0,101,0,0,0,0,0,0,0,0,0,0,0,0,0,0,0,0,0,0,0,0,0,0,0,0,0,0,0,0,19,0,3655,0,0,0,0,0,0,0,0,0,0,0,0,0,0,0,0,0,0,5,11,9,172,4,7,0,0,83,1958,0,96,285,6,2,0,0,0,0,0,0,0,8,2449,135,1008,0,0,0,0,9,1348,7,0,297,0,0,0,0,0,54,0,0,0,0,0,0,0,0,0,0,0,0,0,0,0,27,0,0,0,0,0,4343,0,0,0,0,0,2955
Sample 54,8,2,0,0,0,0,4535,0,0,0,2,53,0,0,0,0,0,0,3,0,0,0,0,0,0,91,0,0,0,0,0,0,0,0,0,0,101,0,0,0,0,101,62,0,34,0,0,0,0,0,0,0,0,0,5,0,0,0,0,0,0,0,0,0,3,0,0,0,0,0,0,51,16,0,0,0,0,0,298,4,0,0,0,71,10,0,0,0,0,0,0,0,0,0,4,0,0,0,0,11,98,390,10,0,41,0,0,0,0,0,2,39,0,0,4,0,0,0,0,0,0,0,0,0,0,0,0,54,0,2692,17,36,3245,1015,0,0,5,93,0,0,0,0,0,0,0,0,4,0,0,0,0,0,4,0,0,2,0,0,0,0,2,0,0,0,0,0,0,7,2,0,0,11,0,0,0,0,0,0,0,0,0,0,0,0,0,0,0,0,95,0,0,0,0,0,0,0,0,0,0,0,0,0,0,0,0,0,0,0,13,0,2,0,0,0,0,0,2,57,0,502,0,0,0,0,0,0,0,0,0,0,0,0,0,0,0,0,0,0,14,7,22,792,0,0,0,0,71,5284,0,121,316,0,0,0,0,0,0,0,0,0,39,937,32,661,0,0,0,0,0,34,0,0,0,0,0,0,0,0,0,0,0,0,0,0,0,0,0,0,0,0,0,0,0,0,4,0,0,0,0,0,1371,0,0,0,0,0,1080
Sample 55,3,4,0,874,88,0,25099,47,0,7,0,841,0,0,0,0,178,0,187,8,0,536,0,0,0,945,0,0,0,0,0,0,0,0,0,0,637,0,0,5,81,1312,24,5,297,0,9,0,0,0,0,0,0,0,24,5,9,0,0,6,0,0,14,43,0,0,0,0,0,0,0,1846,36,5,0,0,0,0,323,2,0,0,8,2401,0,3,9,42,0,0,0,3,0,702,97,208,0,0,204,614,329,4745,2093,457,0,6,14,0,0,0,11,0,0,0,0,0,0,0,0,0,0,0,8,0,0,0,0,108,0,388,24,276,6677,3081,0,0,0,87,0,37,0,0,0,0,0,0,71,0,0,0,0,0,0,0,0,0,0,0,0,0,0,0,0,0,0,0,0,7,0,0,0,0,0,0,0,0,0,0,0,0,0,0,0,0,0,0,4,0,635,0,0,0,0,0,0,0,0,0,0,12,0,0,0,0,0,0,0,0,0,0,15,0,0,0,0,0,0,11,0,2368,0,0,0,0,0,0,2,3,0,0,0,0,0,0,0,0,0,0,0,14,15,418,8,0,0,0,261,1270,0,60,1341,8,0,0,0,0,0,0,0,3,5,771,23,456,0,0,11,0,0,465,0,0,65,0,0,0,0,0,84,0,0,0,0,0,0,0,0,0,0,0,0,0,0,0,0,0,0,3,0,3,1071,0,0,0,0,0,1085
Sample 56,19,7,0,378,190,0,21239,15,0,10,6,256,0,0,0,0,36,0,103,0,0,379,0,0,0,934,0,0,0,0,0,0,0,0,0,0,484,0,0,0,17,1540,141,0,293,0,0,0,0,0,0,0,0,0,43,19,0,0,0,0,0,11,23,39,14,9,0,0,0,0,0,573,0,0,0,0,0,0,245,0,0,0,0,397,8,7,4,315,0,0,0,0,0,156,265,0,0,0,143,45,699,1151,194,176,0,0,0,0,0,0,9,60,0,0,3,0,0,0,0,0,0,0,0,0,0,0,0,201,70,819,39,23,12020,4698,0,0,8,62,0,10,0,0,0,0,0,0,39,0,0,0,0,0,0,0,0,0,0,0,0,0,0,0,0,0,0,0,0,5,0,0,0,11,0,0,0,0,0,0,0,0,0,0,0,0,0,0,2,0,268,0,0,0,0,0,0,0,0,0,0,0,0,0,0,0,0,0,0,0,0,0,26,0,0,0,0,0,0,31,0,4270,0,0,0,0,0,0,0,4,0,0,0,0,0,0,0,0,0,0,25,0,0,387,30,0,0,0,362,1993,0,72,508,20,0,0,0,0,0,0,0,3,45,1584,137,952,0,0,0,0,0,331,3,0,98,0,0,0,0,0,199,0,0,0,0,0,0,0,0,0,0,0,0,0,0,0,0,0,0,0,0,0,3059,0,0,0,0,0,1098
Sample 57,27,0,0,290,262,65,76779,0,0,10,3,57,0,0,0,0,3,0,9,0,0,0,0,0,0,969,0,0,0,0,0,0,0,0,0,0,728,0,0,0,0,497,13,0,2,0,0,0,0,0,0,0,0,0,7,2,0,0,0,0,0,0,0,2,0,0,0,0,0,0,0,98,13,0,0,0,0,0,61,0,0,0,0,293,2,13,0,14,0,0,0,0,0,2,0,0,0,0,3,15,2274,274,77,0,2,2,0,0,0,0,20,10,0,0,20,0,0,0,0,0,0,0,0,0,0,0,0,52,0,397,40,41,21466,19792,0,0,31,66,0,37,0,0,0,0,0,0,6,0,0,0,0,0,5,0,0,0,0,0,0,0,0,0,0,0,0,0,0,0,0,0,0,0,0,0,0,0,0,0,0,0,0,0,0,0,0,0,0,0,162,0,0,0,0,0,0,0,0,0,0,0,0,0,0,0,0,0,0,0,4,0,0,0,0,0,0,0,0,9,63,1750,0,0,0,0,0,0,0,0,0,0,0,0,0,0,0,0,0,14,78,0,15,441,8,18,0,0,128,2360,0,109,587,12,4,3,0,0,0,0,0,6,39,3973,661,1724,0,0,21,0,10,129,7,0,419,0,0,0,0,0,0,0,0,0,0,0,0,0,0,0,0,0,0,0,0,0,0,0,0,0,0,0,794,0,0,0,0,0,1898
Sample 58,0,0,0,0,0,0,41,0,0,0,0,0,0,0,0,0,11,0,0,0,0,0,0,0,0,0,0,0,0,0,0,0,0,0,0,0,0,0,0,0,3,9,0,0,0,0,0,0,0,0,0,0,0,0,0,0,0,0,0,0,0,0,0,0,0,0,0,0,0,0,0,30,33,0,0,0,0,0,216,0,0,0,0,16,0,0,0,0,0,0,0,0,0,0,0,0,0,0,0,47,0,484,0,0,0,0,0,0,0,0,2,0,0,0,8,0,0,0,0,0,0,0,0,2,0,0,0,12,447,833,2,5,14,6,0,0,0,32,0,7,0,0,0,0,0,0,3,0,0,0,0,0,0,0,0,3,4,0,0,0,0,0,0,0,0,0,0,4,3,0,0,0,0,0,0,0,0,0,0,0,0,0,0,0,0,0,0,0,58,0,0,0,0,3,0,0,0,0,0,0,0,0,0,0,0,0,0,0,6,0,0,0,0,0,0,0,0,30,0,16,0,0,0,0,0,0,0,0,0,0,0,0,0,0,0,0,0,0,12,9,5,519,4,2,0,0,0,2382,0,45,78,0,0,0,0,0,0,0,0,0,0,610,0,84,0,0,26,0,0,63,0,0,0,0,0,0,0,0,47,0,0,0,0,0,0,0,0,0,0,0,0,0,0,0,0,0,0,0,0,0,822,0,0,0,0,0,242
Sample 59,54,4,0,98,0,0,2047,14,29,59,0,272,0,0,0,0,1062,0,125,43,0,0,0,0,0,307,0,0,0,0,0,0,0,0,0,0,115,0,0,4,97,323,0,0,39,0,0,0,0,0,0,0,0,0,8,0,7,0,0,0,0,0,5,87,11,0,0,0,2,22,0,302,17,11,0,0,0,0,1056,9,0,0,45,0,0,0,0,259,0,0,0,0,0,157,387,47,0,0,237,150,0,640,831,48,0,0,14,7,0,0,24,0,0,0,19,0,0,0,0,0,0,0,0,0,0,0,0,31,0,723,25,20,776,184,0,0,0,13,64,67,0,0,0,0,0,0,95,0,0,0,0,0,2,0,0,0,0,0,0,0,0,0,0,0,0,0,0,0,0,0,0,0,0,0,0,0,0,0,0,0,0,0,0,0,0,0,0,0,152,0,0,0,0,0,0,0,0,0,0,0,0,0,0,0,0,0,0,0,12,0,24,0,0,0,0,0,0,53,0,0,0,0,0,0,0,0,0,0,0,0,0,0,0,0,0,0,0,0,0,11,0,291,9,0,0,0,44,743,0,197,1468,4,0,0,0,0,0,0,0,0,22,1691,0,582,0,0,97,0,0,101,0,0,81,0,0,71,0,0,845,0,0,0,0,0,0,0,0,0,94,0,0,0,0,0,0,0,0,4,0,0,4768,0,0,0,17,0,4195
Sample 60,113,19,0,0,0,0,2276,0,0,3,0,0,0,0,0,0,31,0,39,0,0,0,0,0,0,90,0,0,0,0,0,0,0,0,0,0,386,0,0,19,2500,3074,15,10,226,0,0,0,0,0,0,0,0,0,55,22,0,0,0,3,0,1,22,76,0,14,0,0,2,17,0,5220,83,5,0,0,0,0,6370,28,0,0,87,71,0,0,4,7268,3,4,0,0,0,2022,115,23,0,0,2752,287,0,2652,3160,210,187,10,23,7,0,0,95,29,0,0,42,0,0,0,0,0,0,0,0,0,0,0,0,252,0,4310,67,257,269,227,0,0,68,184,48,94,0,0,0,0,0,0,89,0,0,0,0,0,8,0,0,8,0,0,0,8,4,0,0,0,0,0,0,0,0,0,0,10,0,0,0,0,0,0,0,0,0,0,0,9,0,0,8,0,99,0,0,0,0,0,0,3,17,0,0,0,0,0,0,0,0,0,0,0,0,0,17,0,0,0,0,0,0,10,0,0,0,0,0,0,0,0,0,0,0,0,0,0,0,0,0,0,3,0,73,65,34,1152,193,24,0,0,273,5179,2,151,746,17,0,2,0,0,0,0,0,0,40,1427,0,882,0,0,2135,0,0,163,0,0,148,0,0,0,0,0,9,0,0,0,0,0,0,0,0,0,0,0,0,0,0,0,23,0,0,14,0,0,19952,0,0,0,11,0,36434
Sample 61,44,5,0,0,0,0,2411,44,0,0,22,194,0,0,0,0,1133,0,365,0,0,0,0,0,0,36,0,0,0,0,0,0,0,0,0,0,136,0,0,0,154,518,28,0,187,0,0,0,0,0,0,0,0,0,98,12,8,0,0,17,0,0,26,109,11,9,0,0,0,0,0,914,0,0,0,0,0,0,747,4,0,0,49,32,0,0,0,93,0,0,0,0,0,53,0,168,0,0,295,24,12,462,16,3,7,29,0,17,0,0,102,109,0,0,4,0,0,0,0,0,0,0,40,0,0,0,0,315,0,2085,63,164,2300,1405,0,0,0,46,0,0,0,0,0,0,0,0,39,0,0,0,0,0,0,0,0,11,0,0,0,0,0,0,0,0,0,0,0,14,0,0,0,33,0,0,0,0,0,0,0,0,0,0,0,0,0,0,9,0,89,0,0,0,0,175,0,0,0,0,0,0,0,0,0,16,0,0,0,0,45,0,27,0,0,0,0,0,0,17,0,0,0,0,0,0,4,2,0,4,0,0,0,0,0,5,0,0,0,0,389,247,95,1312,57,43,0,13,236,2782,0,202,1231,2,0,0,0,0,0,0,0,0,0,3540,0,793,0,0,24,0,0,220,0,0,124,0,0,19,0,76,341,0,0,0,0,0,0,0,0,0,49,0,0,0,0,0,0,0,0,4,0,0,6854,0,0,0,10,0,2647
Sample 62,146,5,0,0,0,0,269,0,0,0,0,0,0,0,0,0,93,0,20,0,0,0,0,0,0,14,0,0,0,0,0,0,0,0,0,0,137,0,0,1,1762,1125,26,11,43,0,0,5,0,0,0,0,0,0,50,20,10,0,0,0,0,0,17,1633,11,79,0,0,0,56,0,1114,63,0,0,0,0,0,1953,0,0,0,986,53,0,0,8,3483,0,0,0,0,0,156,14,33,0,0,1897,167,0,1885,5022,17,466,7,27,18,0,0,26,95,0,0,14,0,0,0,0,0,0,0,0,0,0,0,0,195,0,530,50,7,357,335,0,0,0,247,0,15,0,0,0,0,0,0,24,0,0,0,0,0,8,0,0,4,0,0,0,0,7,0,0,0,0,0,0,0,0,0,0,20,0,0,0,0,0,0,0,0,0,0,0,0,3,0,11,0,51,2,0,0,0,0,0,0,0,0,0,0,0,0,0,0,0,0,0,0,0,0,22,0,0,0,0,0,0,19,0,0,0,0,0,0,0,0,4,0,0,0,0,0,0,0,0,0,0,40,88,0,20,303,23,16,0,3,78,872,0,47,169,8,0,0,0,0,0,0,0,0,4,552,0,721,0,0,669,0,0,66,0,0,123,0,0,0,0,0,10,0,0,0,0,0,0,0,0,0,0,0,0,0,0,0,6,0,0,12,0,0,7644,0,0,0,0,0,5174
Sample 63,101,11,2,0,0,0,2238,3,0,0,0,109,0,0,0,0,14,0,108,0,0,0,0,0,0,256,0,0,0,0,0,0,0,0,0,0,365,0,0,0,1100,820,37,0,339,0,0,0,0,0,0,0,0,0,49,16,0,0,0,21,0,5,7,2445,20,16,0,0,0,36,0,2303,70,0,0,0,0,0,1614,17,0,0,858,38,0,0,0,134,0,0,0,0,0,0,151,14,0,0,81,131,0,954,1514,14,8,0,114,0,0,0,16,0,0,0,0,0,0,0,0,0,0,0,0,0,0,0,0,114,0,729,53,0,446,402,0,0,0,90,14,39,0,0,0,0,0,0,71,0,0,0,0,0,3,0,0,0,0,0,0,0,7,0,0,0,0,0,0,0,0,0,0,18,0,0,0,0,0,0,0,0,0,0,0,0,0,0,5,0,27,0,0,0,0,0,0,0,19,0,0,0,0,0,0,13,0,0,0,0,5,0,37,0,0,0,0,0,0,6,0,308,0,0,0,0,0,0,3,4,0,0,0,0,0,0,0,0,0,16,74,37,40,461,4,31,0,0,185,1027,0,87,601,27,0,0,0,0,0,0,0,0,44,2145,0,1070,0,0,36,0,0,177,4,0,89,0,0,0,0,0,152,0,0,0,0,0,0,0,0,0,0,0,0,0,0,0,0,0,0,26,0,1,11255,0,0,0,0,0,8712
Sample 64,0,0,0,0,0,0,86,0,0,0,0,0,0,0,0,0,0,0,3,0,0,0,0,0,0,0,0,0,0,0,0,0,0,0,0,0,30,0,0,0,3,98,0,0,0,0,0,0,0,0,0,0,0,0,0,0,0,0,0,0,0,0,0,0,0,0,0,0,0,0,0,3,12,0,0,0,0,0,392,93,0,0,1,80,0,0,0,0,0,0,0,0,0,0,0,0,0,0,13,6,0,600,0,0,0,0,0,0,0,0,4,6,0,0,10,0,0,0,0,0,0,0,0,0,0,0,0,53,0,184,44,234,245,503,0,0,0,274,0,3009,0,0,0,0,0,3,0,0,0,0,0,0,5,0,0,22,0,0,0,0,101,0,0,0,0,0,0,0,0,0,0,0,0,0,0,0,0,0,0,0,0,0,0,0,0,0,0,0,180,0,0,0,0,0,0,0,0,0,0,0,0,0,0,0,0,0,0,7,0,0,0,0,0,0,0,0,0,11,0,0,0,0,0,0,0,0,0,0,0,0,0,0,0,0,0,0,0,0,14,33,0,4371,37,9,0,0,205,1732,0,317,587,0,0,0,0,0,0,0,0,0,0,1161,0,538,0,0,0,0,0,48,0,0,5,0,0,0,0,0,12,0,0,0,0,0,0,0,0,0,0,0,0,0,0,0,0,0,0,2,0,0,122,0,0,0,3,2,238
Sample 65,0,0,0,0,0,0,2,0,0,0,0,0,0,0,0,0,0,0,0,0,0,0,0,0,0,0,0,0,0,0,0,0,0,0,0,0,0,0,0,0,0,5,0,0,0,0,0,0,0,0,0,0,0,0,0,0,0,0,0,0,0,0,0,0,0,0,0,0,0,0,0,0,59,0,0,0,0,0,154,69,0,0,0,0,0,0,0,0,0,0,0,0,0,0,0,0,0,0,0,0,18,915,0,8,0,0,0,0,0,0,15,0,0,0,7,0,0,0,0,0,0,0,0,0,0,0,0,7,0,677,3,205,33,146,0,0,0,0,0,51,0,0,0,0,0,0,0,0,0,0,0,0,3,0,0,19,0,0,0,0,0,0,0,0,0,0,0,0,6,0,0,0,0,0,0,0,0,0,0,0,0,0,0,0,0,0,0,0,48,0,0,0,0,0,0,0,0,0,0,0,0,0,0,0,0,0,0,0,0,0,0,0,0,0,0,0,0,17,0,0,0,0,0,0,0,0,0,0,0,0,0,0,0,0,0,0,0,0,0,4,0,155,0,0,0,0,29,1091,0,230,23,0,0,2,0,0,0,0,0,0,0,136,0,379,0,0,0,0,0,0,0,0,0,0,0,0,0,0,0,0,0,0,0,0,0,0,0,0,0,0,0,0,0,0,0,0,0,0,0,0,26,0,0,0,0,0,199
Sample 66,0,0,0,190,0,0,811,0,0,0,0,171,0,0,0,0,20,0,2,0,0,0,0,0,0,89,0,0,0,0,0,0,0,0,0,0,98,0,0,0,2,30,0,0,0,0,0,0,0,0,0,0,0,0,0,0,0,0,0,0,0,0,0,0,0,0,0,0,0,0,0,47,21,0,0,0,0,0,283,3,0,0,0,0,0,0,0,18,0,0,0,0,0,0,0,0,0,0,0,39,37,605,0,0,0,0,0,0,0,0,84,260,0,0,28,0,0,0,0,0,0,0,0,0,0,0,0,22,36,123,15,6,286,583,0,0,0,88,0,0,0,0,0,0,0,0,4,0,0,0,0,0,15,0,0,14,0,0,0,0,0,0,0,0,0,0,0,0,0,0,0,0,0,0,0,0,0,0,0,0,0,0,0,0,0,0,0,0,46,0,0,0,0,0,0,0,0,0,0,0,0,0,0,0,0,0,0,0,106,0,0,0,0,0,0,0,0,36,0,0,0,0,0,0,0,0,0,0,0,0,0,0,0,0,0,0,0,0,16,230,0,21,4,0,0,0,0,372,0,50,80,0,0,0,0,0,0,0,0,0,0,847,244,203,0,0,0,0,0,0,0,0,0,0,0,0,0,0,7,0,0,0,0,0,0,0,0,0,0,0,0,0,0,0,0,0,0,0,0,2,188,0,0,0,0,0,86
Sample 67,4,0,0,0,0,0,268,0,0,0,0,6,0,0,0,0,0,0,0,0,0,0,0,0,0,4,0,0,0,0,0,0,0,0,0,0,60,0,0,0,0,205,0,0,0,0,0,0,0,0,0,0,0,0,0,0,0,0,0,0,0,0,0,6,0,0,0,0,0,0,0,19,84,0,0,0,0,0,464,57,0,14,0,40,0,0,0,0,0,0,0,0,0,0,0,0,0,0,0,0,47,531,0,0,0,0,34,0,0,0,23,13,0,0,0,0,0,0,0,0,0,0,0,0,0,0,0,57,0,35,102,408,35,757,0,0,0,611,0,1597,0,0,0,0,0,0,3,0,0,0,0,0,11,0,0,0,0,0,0,0,39,0,0,3,0,0,0,0,0,0,0,0,0,0,0,0,0,0,0,0,0,0,0,0,0,0,0,9,45,0,0,0,0,12,0,108,0,0,0,0,0,0,0,0,0,0,0,0,0,0,2,0,0,0,0,0,0,12,0,0,0,0,0,0,0,0,0,0,0,0,0,0,0,0,0,0,0,0,14,62,2,3451,10,0,0,14,68,2168,0,57,557,0,0,0,0,0,0,0,0,0,5,1294,49,541,0,0,145,0,0,100,0,0,0,0,0,0,0,0,0,0,0,0,0,0,0,0,0,0,0,0,0,0,0,0,98,0,0,0,0,0,286,0,0,0,0,2,780
Sample 68,48,3,0,587,193,0,45111,47,0,6,0,1247,0,0,18,0,165,0,250,9,0,0,0,0,0,1767,0,0,0,0,0,0,0,0,0,0,941,0,0,0,6,849,18,0,8,0,0,0,0,0,0,0,0,0,11,0,0,0,0,0,0,2,4,18,0,0,0,0,0,0,0,333,3,0,0,0,0,0,120,0,0,0,22,14,0,0,0,94,2,0,0,0,0,0,3,6,0,0,101,79,911,772,135,17,0,0,4,4,0,0,14,7,0,0,0,0,0,0,0,0,0,0,0,0,0,0,0,54,17,36,20,0,3755,6248,0,0,0,129,0,0,0,0,0,0,0,0,16,0,0,0,0,0,0,0,0,0,0,0,0,0,0,0,0,0,0,0,0,0,0,0,0,0,0,0,0,0,0,0,0,0,0,0,0,0,0,0,0,0,19,0,0,0,0,0,0,0,0,0,0,0,0,0,0,0,0,0,0,0,14,0,2,0,0,0,0,0,0,7,0,252,3,0,5,7,7,0,0,10,0,0,0,0,0,12,0,0,19,0,517,70,70,390,44,184,0,0,403,2886,22,238,4839,67,9,20,0,0,0,0,0,55,13,2107,141,1302,0,0,16,0,49,1576,0,0,188,0,0,0,72,0,417,368,0,0,0,0,0,0,0,0,6,5,132,0,0,0,0,0,0,2,0,0,2570,0,0,3,0,0,750
Sample 69,4,3,0,193,49,0,10401,0,0,0,0,1202,0,0,0,0,0,0,0,0,0,0,0,0,0,88,0,0,0,0,0,0,0,0,0,0,342,0,0,0,0,135,16,0,28,0,0,0,0,0,0,0,0,0,13,2,0,0,0,0,0,0,3,14,0,0,0,0,0,0,0,23,0,0,0,0,0,0,182,11,0,0,0,34,4,2,0,0,0,0,0,0,0,0,5,3,0,0,0,119,903,1440,0,0,0,4,4,0,0,0,3,0,0,0,0,0,0,0,0,0,0,0,0,0,0,0,0,63,25,189,14,141,2869,3995,0,0,0,16,0,0,0,0,0,0,0,0,0,0,0,0,0,0,7,0,0,28,0,0,0,0,0,0,0,0,0,0,0,0,0,0,0,0,0,0,0,0,0,0,0,0,0,0,0,0,0,0,0,0,40,0,0,0,0,61,0,0,0,0,0,0,0,0,0,0,0,0,0,0,10,0,0,0,0,0,0,0,0,13,0,0,0,0,0,0,0,0,0,0,0,0,0,0,0,0,0,0,0,0,0,0,0,163,0,0,0,0,88,897,0,173,686,7,3,0,0,0,0,0,0,3,3,1490,401,583,0,0,14,0,0,7,0,0,0,0,0,0,0,0,0,0,0,0,0,0,0,0,0,0,0,0,0,0,0,0,0,0,0,0,0,0,600,0,0,0,0,0,147
Sample 70,10,0,0,0,0,0,671,0,0,0,0,0,0,0,0,0,0,0,0,0,0,0,0,0,0,42,0,0,0,0,0,0,0,0,0,0,7,0,0,0,2,71,0,0,4,0,0,0,0,0,0,0,0,0,0,0,0,0,0,0,0,0,0,2,12,0,0,0,0,0,0,91,10,0,0,0,0,0,263,87,0,0,0,15,0,0,0,72,0,0,0,0,0,0,0,0,0,0,23,4,0,195,120,0,0,0,0,0,0,0,56,0,0,0,0,0,0,6,0,0,0,0,0,0,0,0,0,6,0,544,0,218,15,237,0,0,0,92,0,137,0,0,0,0,0,0,0,0,0,0,0,0,4,0,0,31,0,0,0,0,0,0,0,0,0,0,0,0,0,0,0,0,0,0,0,0,0,0,0,0,0,0,0,0,0,0,0,0,9,0,0,0,0,31,0,0,0,0,0,0,0,0,0,0,0,0,0,0,0,0,0,0,0,0,0,0,0,35,0,0,0,0,0,0,0,0,0,0,0,0,0,0,0,0,0,0,0,0,0,5,8,316,0,0,0,0,42,873,0,83,149,0,0,0,0,0,0,0,0,0,0,226,0,119,0,0,0,0,0,50,0,0,0,0,0,0,0,0,134,0,0,0,0,0,0,0,0,0,0,0,0,0,0,0,0,0,0,0,0,0,507,0,0,0,0,0,757
Sample 71,0,0,6,0,0,0,25,0,0,0,0,0,0,0,0,0,0,0,0,0,0,0,0,0,0,0,0,0,0,0,0,0,0,0,0,0,0,0,0,0,0,0,0,0,0,0,0,0,0,0,0,0,0,0,0,0,0,0,0,0,0,0,0,0,0,0,0,0,0,0,0,0,127,0,0,0,0,0,225,80,0,0,0,42,0,0,0,0,0,0,0,0,0,0,0,0,0,0,0,0,0,289,11,0,0,0,14,5,0,0,103,0,0,0,34,0,0,0,0,0,0,0,0,0,0,0,0,126,62,12,3,4,10,6,0,0,0,21,0,41,0,0,0,0,0,0,8,0,0,0,0,0,20,0,5,4,0,0,0,0,0,0,0,0,0,0,0,0,2,0,0,13,0,0,0,0,0,0,0,0,0,0,0,0,0,0,0,0,39,0,0,0,0,0,0,0,0,0,0,0,0,0,0,0,0,0,0,0,0,0,0,0,0,0,1,0,0,20,0,0,0,0,0,0,0,0,0,0,0,0,0,0,0,0,0,0,0,0,0,0,0,211,11,0,0,0,27,89,0,11,7,0,0,0,0,0,0,0,0,0,0,1249,0,316,0,0,0,0,0,0,0,0,0,0,0,0,13,0,0,0,0,0,0,0,0,0,0,0,0,0,0,0,0,0,0,0,0,0,0,0,125,0,0,0,0,0,176
Sample 72,0,0,2,0,0,0,16,0,0,0,0,0,0,0,0,0,0,0,0,0,0,0,0,0,0,0,0,0,0,0,0,0,0,0,0,0,0,0,0,0,34,2,0,0,0,0,0,0,0,0,0,0,0,0,0,0,0,0,0,0,0,0,0,0,0,0,0,0,0,0,0,132,4,0,0,0,0,0,143,14,0,0,0,83,0,89,0,0,0,0,0,0,0,0,0,0,0,0,0,0,0,604,0,0,0,0,0,4,0,0,34,97,0,0,9,0,0,0,0,0,0,0,0,0,0,0,0,132,388,0,67,105,5,3,0,0,0,13,0,0,0,0,0,0,0,0,0,0,3,0,0,0,25,0,0,45,0,0,0,0,0,0,0,0,0,0,0,0,4,0,0,0,0,0,0,0,0,0,0,0,0,0,0,0,0,0,0,0,86,0,0,0,0,0,0,0,0,0,0,0,0,0,0,0,0,0,0,0,0,0,0,0,0,0,0,0,0,33,0,0,0,0,0,0,0,0,0,0,0,0,0,0,0,0,0,0,0,0,0,0,0,0,274,0,0,0,34,21,0,0,123,0,0,0,0,0,0,0,0,0,0,444,0,878,0,0,0,0,0,13,0,0,0,0,0,0,20,0,0,0,0,0,0,0,0,0,0,0,0,0,0,0,0,0,0,0,0,0,0,0,253,0,0,0,0,0,968
Sample 73,139,0,0,0,0,0,200,3,0,0,0,0,0,0,0,0,7,0,269,0,0,0,0,0,0,2,0,0,0,0,0,0,0,0,0,0,4,0,0,4,0,120,0,0,0,0,0,0,0,0,0,0,0,0,0,0,0,0,0,0,0,0,0,4,19,0,0,0,0,0,0,1597,0,0,0,0,0,0,329,0,0,0,0,7,0,4,0,0,67,0,0,0,0,0,0,0,0,0,50,89,0,343,38,0,0,4,0,0,0,0,0,0,0,0,0,0,0,0,0,0,0,0,0,0,0,0,0,47,49,14,13,0,8,33,0,0,0,13,0,0,0,0,0,0,0,0,9,0,0,0,0,0,4,0,0,18,0,0,0,0,0,0,0,0,0,0,0,0,0,0,0,0,0,0,0,0,0,0,0,0,0,0,0,0,0,0,0,0,72,0,0,0,0,0,0,0,0,0,0,0,0,0,0,0,0,0,0,0,0,0,4,0,0,0,0,0,0,31,0,0,0,0,0,0,0,0,0,0,0,0,0,0,0,0,0,0,0,0,137,99,21,0,58,0,0,7,129,112,0,33,414,5,0,0,0,0,0,0,0,0,0,414,0,1977,0,0,0,0,0,590,0,0,3,0,0,0,0,0,0,0,0,0,0,0,0,0,0,0,0,0,0,0,0,0,0,0,0,2,0,0,5020,0,0,0,0,0,1953
Sample 74,29,0,0,0,0,0,30,0,0,0,0,0,0,0,0,0,10,0,0,0,0,0,0,0,0,2,0,0,0,0,0,0,0,0,0,0,32,0,0,0,19,196,0,0,0,0,0,0,0,0,0,0,0,0,0,0,0,0,0,0,0,0,0,0,9,0,0,0,0,0,0,173,24,0,0,0,0,0,233,89,0,0,0,8,0,0,0,0,0,0,0,0,0,0,0,0,0,0,1,80,0,306,12,0,0,0,0,0,0,0,25,43,0,0,0,0,0,0,0,0,0,0,0,0,0,0,0,9,160,4,4,271,163,32,0,0,0,165,0,1009,0,0,0,0,0,0,0,0,0,0,0,0,17,0,0,61,0,0,0,0,24,0,0,0,0,0,0,0,0,0,0,0,0,0,0,0,0,0,0,0,0,2,0,0,0,0,0,0,94,0,4,0,0,27,0,0,0,6,0,0,0,0,0,0,0,0,0,0,2,0,6,0,0,0,0,0,0,38,0,0,0,0,0,0,0,0,0,0,0,0,0,0,0,0,0,0,0,0,105,35,0,1295,93,0,0,0,76,1285,0,13,522,0,0,0,0,0,0,0,0,0,0,940,0,963,0,0,61,0,0,23,0,0,0,0,0,0,0,0,13,0,0,0,0,0,0,0,0,0,0,0,0,0,0,0,0,0,0,0,0,4,2527,0,0,0,9,0,1682
Sample 75,3,0,0,0,0,0,89,0,0,0,0,0,0,0,0,0,0,0,0,0,0,0,0,0,0,0,0,0,0,0,0,0,0,0,0,0,0,0,0,0,0,17,0,0,0,0,0,0,0,0,0,0,0,0,0,0,0,0,0,0,0,0,0,0,0,0,0,0,0,0,0,4,103,0,0,0,0,0,87,106,0,0,44,5,0,0,0,0,0,0,0,0,0,0,0,0,0,0,0,0,0,417,0,0,0,3,15,0,0,0,148,11,0,0,32,0,0,0,0,0,0,0,0,0,0,0,0,8,0,4,54,53,5,19,0,0,0,104,0,0,0,0,0,0,0,0,0,0,0,0,0,0,36,3,0,0,0,0,0,0,0,0,0,0,0,0,0,0,0,0,0,0,0,0,0,0,0,0,0,0,0,0,0,0,0,0,0,0,103,0,0,0,0,0,0,0,0,0,0,0,0,0,0,0,0,0,0,0,0,0,0,0,0,0,0,0,0,40,0,0,0,0,0,0,0,0,0,0,0,0,0,0,0,0,0,0,0,0,0,0,0,98,0,0,0,0,10,4,0,0,18,0,0,0,0,0,0,0,0,0,0,595,0,113,0,0,0,0,0,26,0,0,0,0,0,0,0,0,0,0,0,0,0,0,0,0,0,0,0,0,0,0,0,0,0,0,0,0,0,0,263,0,0,0,0,0,161
Sample 76,310,0,6,0,0,0,46,0,0,0,0,0,0,0,0,0,0,0,0,0,0,0,0,0,0,0,0,0,0,0,0,0,0,0,0,0,2,0,0,0,0,99,0,0,0,0,0,0,0,0,0,0,0,0,0,0,0,0,0,0,0,0,0,0,0,0,0,0,0,0,0,407,66,0,0,0,0,0,641,17,0,0,0,0,0,13,15,0,0,0,0,0,0,0,0,0,0,2,0,0,0,931,0,0,0,0,0,0,0,0,6,0,0,0,0,0,0,0,0,0,0,0,0,0,0,0,0,30,0,46,157,267,4,370,0,0,0,334,0,0,0,0,0,0,0,0,0,0,0,0,0,0,43,0,0,19,0,0,0,0,0,0,0,0,0,0,0,0,0,0,0,0,0,0,0,0,0,0,0,0,0,0,0,0,2,0,0,0,51,0,0,0,0,413,0,0,0,0,0,0,0,0,0,0,0,0,0,0,16,0,0,0,0,0,0,0,0,83,0,20,0,0,0,0,0,0,0,0,0,0,0,0,0,13,0,0,0,0,189,0,0,253,87,22,0,0,29,65,0,112,212,0,206,0,0,0,0,0,0,0,0,5123,0,1036,0,0,0,0,0,0,0,0,0,0,0,0,0,0,58,0,0,0,0,0,0,0,0,0,0,0,0,0,0,0,0,0,0,0,0,0,2190,0,0,0,0,0,1234
Sample 77,0,0,0,0,0,0,0,0,0,0,0,0,0,0,0,0,0,0,3,0,0,0,0,0,0,16,0,0,0,0,0,0,0,0,0,0,0,0,0,0,75,123,0,0,0,0,0,0,0,0,0,0,0,0,0,0,0,0,0,0,0,0,0,0,0,0,0,0,0,0,0,155,12,0,0,0,0,0,96,26,0,0,148,9,0,0,0,0,0,0,0,0,0,0,0,6,0,0,5,0,0,1934,42,0,0,0,0,0,0,0,4,0,0,0,0,0,0,0,0,0,0,0,0,0,0,0,0,30,0,31,0,101,3,14,0,0,0,60,0,0,0,0,0,0,0,0,0,0,0,0,0,0,3,0,0,0,0,0,0,0,0,0,0,0,0,0,0,0,0,0,0,0,0,0,0,0,0,0,0,0,0,0,0,0,0,0,0,0,116,0,0,0,0,23,0,0,0,0,0,0,0,0,0,0,0,0,0,0,0,0,0,0,0,0,0,0,0,15,0,0,0,0,0,0,0,0,0,0,0,0,0,0,0,0,0,0,0,0,26,0,0,40,70,0,0,0,0,12,0,0,28,0,0,0,0,0,0,0,0,0,0,592,0,869,0,0,0,0,0,141,0,0,0,0,0,0,0,0,0,0,0,0,0,0,0,0,0,0,0,0,0,0,0,0,0,0,0,0,0,0,5031,0,0,0,0,0,400
Sample 78,17,0,0,0,0,0,1167,16,0,0,279,141,0,0,0,0,107,0,637,0,0,0,0,0,0,4,0,0,0,0,0,0,0,0,0,0,11,0,0,0,87,224,0,0,0,0,0,0,0,0,0,0,0,0,0,0,0,0,0,0,0,0,0,12,0,0,0,0,0,14,0,16846,77,0,0,0,0,0,1557,3,0,0,11,32,0,3,0,0,0,0,0,0,0,33,0,9,0,0,38,108,0,1263,1093,0,0,0,182,0,0,0,391,202,0,0,7,0,0,0,0,0,0,0,0,0,0,0,0,10,670,71,51,172,130,59,0,0,0,60,35,16,0,0,0,0,0,0,39,0,0,0,0,0,2,0,0,4,0,0,0,0,0,0,0,0,0,0,0,0,0,0,43,0,0,0,0,0,0,0,0,0,0,0,0,0,0,0,2,0,25,0,0,0,0,0,0,0,0,0,0,0,0,0,0,0,0,0,0,0,29,0,0,0,0,0,0,0,0,6,0,0,0,0,0,0,0,0,0,0,0,0,0,0,0,8,0,28,0,371,603,256,115,673,91,107,0,23,279,291,0,58,4310,0,0,0,0,0,0,0,0,0,0,3400,0,1496,0,0,2336,0,0,2827,0,0,0,0,0,0,21,188,1087,0,0,0,0,0,0,0,0,0,0,0,0,0,0,0,0,0,0,28,0,0,10184,0,0,2,9,0,6020
Sample 79,29,0,0,0,0,0,30,0,0,0,0,0,0,0,0,0,0,0,11,0,0,0,0,0,0,0,0,0,0,0,0,0,0,0,0,0,3,0,0,0,13,0,0,0,0,0,0,0,0,0,0,0,0,0,0,0,0,0,0,0,0,0,0,0,0,0,0,0,0,0,0,304,12,0,0,0,0,0,359,65,0,0,24,56,0,0,0,0,0,0,0,0,0,0,0,0,0,0,6,33,0,293,81,0,0,0,0,0,0,0,0,0,0,0,0,0,0,0,0,0,0,0,0,0,0,0,0,17,0,6,0,68,2,8,0,0,0,19,0,0,0,0,0,0,0,0,3,0,0,0,0,0,2,0,0,5,0,0,0,0,0,0,0,0,0,0,0,0,0,0,0,0,0,0,0,0,0,0,0,0,0,0,0,0,0,0,0,0,32,0,0,0,0,0,0,0,0,0,0,0,0,0,0,0,0,0,0,0,0,0,0,0,0,0,0,0,7,33,0,0,0,0,0,0,0,0,0,0,0,0,0,0,0,0,0,0,0,0,0,10,0,288,5,0,0,0,222,15,0,3,57,0,0,0,0,0,0,0,0,0,0,781,0,522,0,0,0,0,0,42,0,0,0,0,0,0,0,0,44,0,0,0,0,0,0,0,0,0,0,0,0,0,0,0,0,0,0,3,0,0,1605,0,0,0,0,0,1008
Sample 80,436,0,0,0,0,0,52,0,0,0,0,12,0,0,0,0,20,0,0,0,0,0,0,0,0,19,0,0,0,0,0,0,0,0,0,0,155,0,0,0,5,174,0,0,0,0,0,0,0,0,0,0,0,0,0,0,0,0,0,0,0,0,0,0,0,0,0,0,0,8,0,1424,55,3,0,0,3,0,1758,58,0,0,0,59,0,3,0,0,0,0,0,0,0,88,0,0,0,0,45,35,0,553,136,0,0,2,7,2,0,0,106,177,0,0,42,0,0,3,0,0,0,0,0,0,0,0,0,34,0,20,5,323,16,602,0,0,0,614,381,2218,0,0,0,0,0,0,10,0,0,0,0,0,9,0,0,29,0,0,0,0,60,29,0,0,0,0,0,0,0,0,20,0,0,2,0,0,0,0,0,0,0,0,0,0,3,0,0,0,26,0,0,0,0,0,0,0,0,0,0,0,0,0,0,0,0,0,0,0,0,0,11,6,0,0,0,0,0,23,0,0,0,0,0,0,0,0,0,0,0,0,0,0,0,0,0,0,0,28,34,239,13,6641,7,207,0,0,101,2659,0,70,774,0,0,2,0,0,0,0,0,0,15,3813,0,4779,0,0,1403,0,0,313,0,0,0,0,0,0,22,0,71,0,0,0,0,0,0,0,0,0,0,0,0,0,0,0,0,0,0,22,2,5,23671,0,0,0,5,0,9747
Sample 81,24,0,0,0,0,0,26,0,0,0,0,0,0,0,0,0,0,0,0,0,0,0,0,0,0,9,0,0,0,0,0,0,0,0,0,0,9,0,0,0,41,84,0,0,2,0,0,0,0,0,0,0,0,0,0,0,0,0,0,0,0,0,0,0,0,0,0,0,0,35,0,235,4,0,0,0,2,0,563,164,0,2,36,43,0,0,0,0,0,0,0,0,0,6,0,0,0,0,0,41,0,382,31,0,0,0,0,0,0,0,0,0,0,0,0,0,0,0,0,0,0,0,0,0,0,0,0,7,0,3,2,108,15,166,0,0,0,231,624,264,0,0,0,0,0,0,0,0,0,0,0,0,2,0,0,12,0,0,0,0,21,57,0,0,0,0,0,0,0,0,0,0,0,0,0,0,0,0,0,0,0,0,0,0,0,0,0,0,29,0,0,0,0,0,0,0,0,0,0,0,0,0,0,0,0,0,0,0,0,0,2,0,0,0,0,0,0,7,0,0,0,0,0,0,0,4,0,0,0,0,0,0,0,3,0,0,0,8,22,169,0,2287,3,0,0,0,169,1169,0,2,224,0,0,0,0,0,0,0,0,0,5,1234,0,1085,0,0,65,0,0,162,0,0,0,0,0,0,0,0,0,0,0,0,0,0,0,0,0,0,0,0,0,0,0,0,0,0,0,5,0,2,5915,0,0,0,0,0,2348
Sample 82,9,0,0,0,0,0,214,0,0,0,0,0,0,0,0,0,45,0,3,0,0,0,0,0,0,53,0,0,0,0,0,0,0,2,0,0,172,0,0,0,49,634,0,0,6,0,0,0,0,0,0,0,0,0,3,0,0,0,0,0,0,0,0,0,0,0,0,0,0,0,0,400,0,7,0,0,0,0,1031,473,0,137,97,223,0,0,0,0,0,0,0,0,0,0,0,0,0,0,0,149,0,571,0,0,0,0,7,6,0,0,18,0,0,0,0,0,0,0,0,0,0,0,0,0,0,0,0,188,0,25,128,1371,374,1799,0,0,0,1458,0,10596,0,0,0,0,0,0,2,0,0,0,0,0,0,0,0,3,0,0,0,0,260,0,0,19,0,0,0,0,0,0,9,3,0,2,0,0,0,0,0,0,0,0,0,0,3,0,5,0,28,0,0,0,0,24,0,4,3,3,0,0,0,0,0,0,0,0,0,5,3,0,20,6,0,0,0,0,0,7,0,0,0,0,0,0,0,2,0,0,0,0,0,0,0,5,0,0,0,5,32,142,5,16432,38,27,0,2,416,10427,0,704,2560,0,0,0,0,0,0,0,0,0,18,5466,0,2254,0,0,23,0,0,547,0,0,0,0,0,0,0,0,25,0,0,0,0,0,0,0,0,0,0,0,0,0,0,0,8,0,0,7,7,19,2016,0,0,0,8,5,2006
Sample 83,392,0,0,0,0,0,984,0,0,0,0,12,0,0,0,0,17,0,103,0,0,0,0,0,0,3,0,0,0,0,0,0,0,0,0,0,8,0,0,0,213,281,0,0,10,0,0,2,0,0,0,0,0,0,15,0,0,0,0,0,0,0,0,1,22,0,0,0,0,5,4,16840,9,0,0,0,0,0,6177,28,0,0,0,19,0,0,0,0,0,0,0,0,0,22,0,0,0,0,7,104,0,465,130,0,0,0,3,2,0,0,6,0,0,0,0,0,0,0,0,0,0,0,0,0,0,0,0,14,0,0,24,97,38,162,0,0,0,61,0,240,0,0,0,0,0,0,6,0,0,0,0,0,0,0,0,0,0,0,0,0,3,0,0,0,0,0,0,0,0,0,4,0,0,0,0,0,0,0,0,0,0,0,0,0,0,0,2,0,8,0,0,0,0,0,0,0,4,0,0,0,0,0,0,0,0,0,0,0,0,0,3,0,0,0,0,0,0,13,0,0,0,0,0,3,2,5,0,0,0,0,0,0,0,6,0,0,5,52,207,118,55,1541,48,93,0,9,265,783,0,17,5635,0,0,0,0,0,0,0,0,0,0,744,0,800,0,0,4644,0,16,2296,0,0,8,0,0,0,0,0,13,0,0,0,0,0,0,0,0,0,0,0,0,0,0,0,0,0,0,13,0,0,21251,0,0,0,42,0,45182
Sample 84,0,0,0,0,0,0,1423,0,0,0,0,0,0,0,0,0,0,0,0,0,0,0,0,0,0,72,0,0,0,4,0,0,0,0,0,0,0,0,0,0,2,84,0,0,0,0,0,0,0,0,0,0,0,0,0,0,0,0,0,0,0,0,0,0,0,0,0,0,0,0,0,7,6,0,0,0,0,0,218,0,0,0,0,68,0,0,0,0,0,0,0,0,0,0,0,0,0,0,0,6,0,220,0,0,0,0,0,0,0,0,13,0,0,0,0,0,0,0,0,0,0,0,0,0,0,0,0,8,0,0,0,74,7,312,0,0,0,26,0,0,0,0,0,0,0,0,0,0,0,0,0,0,11,0,0,2,0,0,0,0,0,46,0,0,0,0,0,0,0,0,0,0,0,0,0,0,0,0,0,0,0,0,0,0,0,0,0,0,28,0,0,0,0,4,0,0,0,0,0,0,0,0,0,0,0,0,0,0,0,0,0,0,0,0,0,0,0,20,0,0,0,0,0,0,0,0,0,7,0,0,0,0,0,0,0,0,0,0,0,9,0,24,0,0,0,0,0,66,0,0,27,0,0,0,0,0,0,0,0,0,8,1048,0,1085,0,0,1275,0,0,0,0,0,0,0,0,0,0,0,0,0,0,0,0,0,0,0,0,0,0,0,0,0,0,0,0,0,0,0,0,0,1552,0,0,0,0,0,8344
Sample 85,34,0,0,0,0,0,49,0,0,0,0,0,0,0,0,0,0,0,30,0,0,0,0,0,0,3,0,0,0,0,0,0,0,0,0,0,13,0,0,0,0,30,0,0,4,0,0,0,0,0,0,0,0,0,6,2,0,0,0,0,0,0,0,15,0,3,0,0,0,0,0,25,148,0,0,0,0,0,376,30,0,0,155,2,0,0,0,0,0,0,0,0,0,0,0,300,0,0,34,120,0,553,218,0,6,0,70,10,12,0,24,0,0,0,7,0,0,0,0,0,0,0,0,0,0,0,0,90,610,6,3,25,5,14,0,0,0,34,0,31,0,0,0,0,0,0,0,0,0,0,3,0,4,0,0,52,0,0,0,0,0,0,0,0,0,0,0,0,0,0,0,0,0,0,0,0,0,0,0,0,0,0,0,0,0,0,0,0,101,0,0,0,0,36,0,0,0,0,38,0,0,0,0,0,0,0,0,0,0,0,11,0,0,0,0,0,0,18,0,0,0,0,0,0,0,0,0,0,0,0,0,0,0,0,0,0,0,0,232,116,0,302,26,49,0,0,272,125,0,70,130,0,0,0,0,0,0,0,0,0,0,566,0,892,0,0,56,0,0,100,0,0,0,0,0,0,0,0,0,0,0,0,0,0,0,0,0,0,0,0,0,0,0,0,0,0,0,8,0,3,3718,0,0,0,0,0,1442
Sample 86,0,0,0,0,0,0,280,0,0,0,0,0,0,0,0,0,0,0,0,0,0,0,0,0,0,0,0,0,0,0,0,0,0,0,0,0,0,0,0,0,0,0,0,0,0,0,0,0,0,0,0,0,0,0,0,0,0,0,0,0,0,0,0,0,0,0,0,0,0,0,0,2,20,0,0,0,0,0,232,32,0,0,0,17,0,0,0,0,0,0,0,0,0,0,0,0,0,0,0,0,0,427,33,0,0,0,0,0,0,0,0,0,0,0,0,0,0,0,0,0,0,0,0,0,0,0,0,10,0,0,0,458,2,0,0,0,0,0,0,0,0,0,0,0,0,0,0,0,0,0,0,0,0,0,0,0,0,0,0,0,0,0,0,0,0,0,0,0,0,0,0,0,0,0,0,0,0,0,0,0,0,0,0,0,0,0,3,0,23,0,0,0,0,0,0,0,0,0,0,0,0,0,0,0,0,0,0,0,0,0,0,0,0,0,0,0,0,47,0,0,0,0,0,0,0,0,0,0,0,0,0,0,0,0,0,0,0,0,0,0,0,95,0,0,0,0,0,0,0,4,8,0,0,0,0,0,0,0,0,0,0,450,0,59,0,0,0,0,0,0,0,0,0,0,0,0,0,0,0,0,0,0,0,0,0,0,0,0,0,0,0,0,0,0,0,0,0,0,0,0,79,0,0,0,0,0,63
Sample 87,18,0,18,0,0,0,0,0,0,0,0,0,0,0,0,0,0,0,80,0,0,0,0,0,0,28,0,0,0,0,0,0,0,0,0,0,88,0,0,0,0,239,0,0,4,0,0,0,0,0,0,0,0,0,0,0,0,0,0,0,0,0,7,6,0,0,0,0,0,0,0,8,37,0,0,0,0,0,1030,65,0,0,720,147,0,4,0,0,0,0,0,0,0,0,0,0,0,0,10,2,0,664,903,0,0,0,0,0,0,0,8,240,0,0,23,0,0,0,0,0,0,0,0,0,0,0,0,82,475,76,6,335,19,37,0,0,0,158,0,971,0,0,0,0,0,0,16,0,0,0,0,0,32,0,0,294,0,0,0,0,0,0,0,0,0,0,0,0,8,0,0,20,0,0,0,0,0,0,0,0,0,0,0,0,2,0,0,0,66,0,0,0,0,59,0,0,0,0,0,0,0,0,0,0,0,0,0,0,0,0,8,0,0,0,0,0,0,5,0,0,0,0,0,0,0,0,0,0,0,0,0,0,0,0,0,5,0,0,64,51,0,2280,13,11,0,0,23,186,0,22,499,0,0,0,0,0,0,0,0,0,0,1527,0,1314,0,0,0,0,0,9,0,0,0,0,0,0,0,0,78,0,0,0,0,0,0,0,0,0,0,0,0,0,0,0,0,0,0,0,0,0,3464,0,0,0,0,0,846
Sample 88,7,0,0,0,0,0,41,0,0,0,0,0,26,0,0,0,0,0,0,0,0,0,0,0,0,365,0,0,0,0,0,0,0,0,0,0,12,0,0,0,0,0,0,0,0,0,0,0,0,0,0,0,0,0,0,0,0,0,0,0,0,0,0,0,0,0,0,0,0,0,0,34,54,0,0,0,0,0,159,18,0,0,0,0,0,0,0,0,0,0,0,0,0,0,0,0,0,0,0,4,0,615,0,0,0,0,0,0,0,0,5,0,0,0,0,0,0,0,0,0,0,0,0,0,0,0,0,0,0,0,0,132,37,19,0,0,0,33,0,0,0,0,0,0,0,0,0,0,0,0,0,0,8,0,0,0,0,0,0,0,0,0,0,0,0,0,0,0,0,0,0,0,0,0,0,0,0,0,0,0,0,0,0,0,0,0,0,0,23,0,0,0,0,132,0,0,0,0,0,0,0,0,0,0,0,0,0,0,0,0,0,0,0,0,0,0,0,9,0,0,0,0,0,0,0,0,0,0,0,0,0,0,0,0,0,0,0,42,0,93,0,29,0,0,0,0,25,30,0,0,332,0,0,0,0,0,0,0,0,0,0,403,0,162,0,0,60,0,0,0,0,0,0,0,0,0,0,0,11,0,0,0,0,0,0,0,0,0,0,0,0,0,0,0,0,0,0,0,0,0,1270,0,0,0,0,0,209
Sample 89,12,0,2,0,0,0,98,0,0,0,0,0,0,0,0,0,0,0,0,0,0,0,0,0,0,4,0,0,0,0,0,0,0,0,0,0,0,0,0,0,0,23,0,0,0,0,0,0,0,0,0,0,0,0,2,0,0,0,0,0,0,0,0,0,0,0,0,0,0,0,0,146,33,0,0,0,0,0,266,0,0,0,12,25,0,0,0,0,0,0,0,0,0,0,0,0,0,0,7,0,0,709,284,0,18,0,0,0,0,0,0,0,0,0,0,0,0,0,0,0,0,0,13,0,0,0,0,14,0,0,7,4,73,56,0,0,0,66,0,0,0,0,0,0,0,0,0,0,0,0,2,0,29,0,0,53,0,0,0,0,0,0,0,0,0,0,0,0,17,0,0,0,0,0,0,0,0,0,0,0,0,0,0,0,0,0,4,0,77,0,0,0,0,432,0,0,0,0,0,0,0,0,0,0,0,0,0,0,0,0,0,0,0,0,0,0,0,23,0,0,0,0,0,0,0,0,0,0,0,0,0,0,0,0,0,0,0,0,473,0,0,0,0,0,0,0,181,118,0,23,88,0,0,0,0,0,0,0,0,0,8,87,0,918,0,0,0,0,0,0,0,0,0,0,0,0,0,0,0,0,0,0,0,0,0,0,0,0,0,0,0,0,0,0,0,0,0,0,0,0,1219,0,0,0,0,0,743
Sample 90,0,0,2,0,0,0,75,0,0,0,0,0,0,0,0,0,0,0,0,0,0,0,0,0,0,3,0,0,0,0,0,0,0,0,0,0,0,0,0,0,0,108,0,0,0,0,0,0,0,0,0,0,0,0,0,0,0,0,0,0,0,0,0,0,0,0,0,0,0,0,0,5,63,0,0,0,0,0,370,0,0,0,0,0,0,7,0,0,0,0,0,0,0,0,0,0,0,0,18,2,0,427,0,0,0,6,0,11,646,0,141,2081,0,0,280,0,0,18,0,0,0,0,0,28,0,16,0,163,43,469,307,0,12,139,0,0,0,48,0,180,0,0,0,0,0,0,38,0,0,0,0,0,23,0,0,8,0,0,0,0,0,0,0,0,0,0,0,0,0,0,0,28,0,0,0,0,0,0,0,0,0,0,0,0,0,0,0,0,218,0,0,0,0,27,0,0,0,0,0,0,0,0,0,0,0,0,0,0,7,0,0,0,0,0,0,0,0,11,0,13,0,0,0,0,0,0,0,6,0,0,0,0,0,0,0,0,0,0,0,27,0,31,11,0,0,0,159,126,0,40,160,0,0,0,0,0,0,0,0,0,32,1307,0,191,0,0,0,0,0,6,0,0,0,0,0,0,0,0,0,0,0,0,0,0,0,0,0,0,0,0,0,0,0,0,0,0,0,0,0,0,138,0,0,0,0,0,693
Sample 91,62,3,0,1062,0,0,3191,75,7,23,54,14,0,0,0,0,1290,0,1163,43,0,0,0,0,0,4500,0,0,0,0,0,0,0,0,0,0,1808,0,0,0,8,4668,24,0,51,0,0,0,0,0,0,0,0,0,13,0,0,0,0,0,0,0,24,437,10,0,0,0,0,96,0,1374,0,0,0,0,0,0,466,0,0,0,1,54,0,33,0,0,0,0,0,0,0,0,0,0,0,0,6,8,282,675,285,0,104,0,0,0,0,0,39,0,0,0,0,0,0,0,0,0,0,0,0,0,0,0,0,109,0,80,118,73,5331,3169,0,0,0,58,0,0,0,0,0,0,0,0,434,0,0,0,0,0,0,0,0,0,0,0,0,0,0,0,0,0,0,0,0,12,0,0,0,0,0,0,0,0,0,0,0,0,0,0,0,14,0,0,0,0,424,0,0,0,0,0,0,0,46,0,0,0,0,0,0,0,0,0,0,0,184,0,0,0,0,0,0,0,5,49,0,0,11,0,0,0,0,0,0,0,0,0,0,0,0,0,0,0,0,0,39,57,13,767,27,32,0,0,99,455,13,68,1141,7,0,0,0,0,0,0,0,539,0,3274,0,999,0,0,19,0,0,2038,0,0,600,0,0,0,0,0,1201,0,0,0,0,0,0,0,0,0,0,0,0,0,0,0,0,0,0,8,0,0,12143,0,0,0,4,23,4766
Sample 92,224,0,3,0,0,0,0,0,0,0,0,0,0,0,0,0,0,0,7,0,0,0,0,0,0,0,0,0,0,0,0,0,0,0,0,0,5,0,0,0,0,15,0,0,0,0,0,0,0,0,0,0,0,0,2,0,0,0,0,0,0,0,0,0,0,0,0,0,0,0,16,127,14,0,0,0,0,0,113,33,7,0,182,16,0,0,0,0,0,0,0,0,0,10,0,85,0,0,47,174,0,292,966,0,20,0,15,12,0,0,98,12,0,0,2,0,0,0,0,0,0,0,0,0,0,0,0,28,0,28,34,0,6,103,0,0,0,62,111,227,0,0,0,0,0,0,0,0,0,0,0,0,3,0,0,17,0,0,0,0,0,0,0,0,0,0,0,0,0,0,0,0,0,0,0,0,0,0,0,0,0,0,0,0,0,0,2,0,44,0,0,0,0,17,0,0,0,0,0,0,0,0,0,6,0,0,0,0,0,0,5,0,0,0,0,0,0,18,0,0,0,0,0,0,0,0,0,4,0,0,0,0,0,7,0,0,0,143,300,418,66,563,44,38,0,5,127,49,0,21,3106,0,0,0,0,0,0,0,0,0,77,858,0,3113,0,0,0,0,0,56,0,0,4,0,0,0,0,0,0,0,0,0,0,0,0,0,0,0,0,0,0,0,0,0,0,0,0,82,6,6,10753,0,0,0,3,0,229
Sample 93,3,0,0,0,0,0,26,0,0,0,0,0,0,0,0,0,3,0,0,0,0,0,0,0,0,2,0,0,0,0,0,0,0,0,0,0,73,0,0,0,0,76,0,0,0,0,0,0,0,0,0,0,0,0,0,0,0,0,0,0,0,0,0,0,0,0,0,0,0,0,0,117,46,0,0,0,0,0,809,161,1,21,77,66,0,0,0,8,0,0,0,0,0,20,0,0,0,0,0,7,0,521,0,0,82,0,4,2,0,0,31,39,0,0,39,0,0,0,0,0,0,0,0,0,0,0,0,27,18,6,117,561,129,852,0,0,0,191,0,2905,0,0,0,0,0,0,3,0,0,0,0,0,74,0,0,91,0,0,0,0,17,0,0,0,0,0,0,0,0,0,0,0,0,2,0,0,0,0,0,0,0,0,0,0,0,0,0,0,88,0,0,0,0,5,0,0,0,0,0,0,0,0,0,0,0,0,0,0,0,0,11,5,0,0,0,0,0,48,0,0,0,0,0,0,0,0,0,0,0,0,0,0,0,0,0,0,0,0,7,84,16,5824,82,0,0,2,7,2620,0,88,619,0,0,0,0,0,0,0,0,0,6,2761,0,1316,0,0,100,0,0,49,0,0,0,0,0,0,0,0,0,0,0,0,0,0,0,0,0,0,0,0,0,0,0,0,0,0,0,0,0,1,516,0,0,0,0,3,1006
Sample 94,5,0,0,0,0,0,9,0,0,0,0,0,0,0,0,0,0,0,17,0,0,0,0,0,0,0,0,0,0,0,0,0,0,0,0,0,4,0,0,0,9,33,0,0,0,0,0,0,0,0,0,0,0,0,0,0,0,0,0,0,0,0,0,0,0,0,0,0,0,0,0,104,0,0,0,0,0,0,115,0,0,0,0,0,0,0,0,0,0,0,0,0,0,0,0,0,0,0,0,5,0,128,0,0,0,0,27,0,0,0,0,0,0,0,0,0,0,0,0,0,0,0,0,0,0,0,0,13,0,0,0,7,3,4,0,0,0,0,0,0,0,0,0,0,0,0,0,0,0,0,0,0,0,0,0,3,0,0,0,0,0,0,0,0,0,0,0,0,0,0,0,0,0,0,0,0,0,0,0,0,0,0,0,0,0,0,0,0,12,0,0,0,0,0,0,0,0,0,0,0,0,0,0,0,0,0,0,0,0,0,0,0,0,0,0,0,0,41,0,0,0,0,0,0,0,0,0,0,0,0,0,0,0,0,0,0,0,0,0,0,0,0,0,0,0,0,0,17,0,0,163,0,0,0,0,0,0,0,0,0,0,74,0,251,0,0,0,0,0,0,0,0,2,0,0,0,0,0,0,0,0,0,0,0,0,0,0,0,0,0,0,0,0,0,0,0,0,0,0,2,648,0,0,0,0,0,331
Sample 95,67,0,6,0,0,0,208,0,0,0,0,0,0,0,0,0,0,0,4,0,0,0,0,0,0,5,0,0,0,0,0,0,0,0,0,0,6,0,0,0,4,106,0,0,7,0,0,0,0,0,0,0,0,0,0,0,0,0,0,0,0,0,0,0,0,0,0,0,0,0,0,155,63,0,0,0,0,0,534,37,0,0,263,52,0,0,5,0,0,0,0,0,0,0,0,0,0,0,81,13,0,238,244,0,0,0,0,0,0,0,0,18,0,0,0,0,0,0,0,0,0,0,0,0,0,0,0,11,0,5,6,164,8,130,0,0,0,100,0,42,0,0,0,0,0,0,0,0,0,0,0,0,35,0,0,80,0,0,0,0,0,0,0,0,0,0,0,0,0,0,0,0,0,0,0,0,2,0,0,0,0,0,0,0,0,0,6,0,34,0,0,0,0,0,0,0,0,0,0,0,0,0,0,0,0,0,0,0,0,19,0,0,0,0,0,0,0,27,0,0,0,0,0,0,0,0,0,6,0,0,0,0,0,0,0,0,10,0,54,62,21,386,20,10,0,7,343,246,0,39,139,0,0,0,0,0,0,0,0,0,0,755,0,968,0,0,2439,0,0,0,0,0,8,0,0,0,0,0,0,0,0,0,0,0,0,0,0,0,0,0,0,0,0,0,0,0,0,0,0,0,6198,0,0,0,0,0,2143
Sample 96,33,0,0,0,0,0,153,0,0,0,0,0,0,0,0,0,0,0,0,0,0,0,0,0,0,0,0,0,0,0,0,0,0,0,0,0,0,0,0,0,4,33,0,0,0,0,0,0,0,0,0,0,0,0,0,0,0,0,0,0,0,0,0,0,0,0,0,0,0,0,17,189,70,0,0,0,0,0,759,28,0,0,0,9,0,546,0,0,0,0,0,0,0,0,0,0,0,0,0,0,0,507,55,0,0,0,38,0,0,0,14,0,0,0,0,0,0,0,0,0,0,0,0,0,0,0,0,3,0,0,14,114,2,92,0,0,0,0,17,0,0,0,0,0,0,0,4,0,0,0,0,0,7,0,0,0,0,0,0,0,0,0,0,0,0,0,0,0,0,0,0,0,0,0,0,0,0,0,0,0,0,0,0,0,0,0,0,0,3445,0,0,0,0,38,0,0,0,0,0,0,0,0,0,0,0,0,0,0,0,0,0,0,0,0,0,0,0,23,0,0,0,0,0,0,0,0,0,0,0,0,0,0,0,0,0,0,0,0,89,74,0,56,102,0,0,0,88,134,0,21,977,0,0,0,0,0,0,0,0,0,8,553,0,839,0,0,68,0,0,0,0,0,10,0,0,0,0,0,0,0,0,0,0,0,0,0,0,0,0,0,0,0,0,0,0,0,0,2,0,0,4504,0,0,0,0,0,2935
Sample 97,85,0,0,0,0,0,0,0,0,0,0,0,0,0,0,0,0,0,0,0,0,0,0,0,0,0,0,0,0,0,0,0,0,0,0,0,0,0,0,0,0,11,0,0,0,0,0,0,0,0,0,0,0,0,0,0,0,0,0,0,0,0,0,0,0,0,0,0,0,0,0,57,0,0,0,3,0,0,185,26,0,0,47,11,0,0,0,0,0,0,0,0,0,0,0,0,0,0,0,30,0,178,5,0,0,0,0,0,0,0,0,0,0,0,0,0,0,0,0,0,2,0,0,0,0,0,0,4,0,7,7,105,10,66,0,0,0,48,0,0,0,0,0,0,0,0,0,0,0,0,0,0,3,0,0,46,0,0,0,0,0,0,0,0,0,0,0,0,0,0,0,0,0,0,0,0,0,0,0,0,0,0,0,0,0,0,0,0,7,0,0,0,0,0,0,0,0,0,0,0,0,0,0,0,0,0,0,0,0,0,0,0,0,0,0,0,0,14,0,0,0,0,0,0,0,0,0,0,0,0,0,0,0,0,0,0,0,8,13,9,0,174,0,0,0,0,9,134,0,3,106,0,0,0,0,0,3,0,0,0,0,234,0,200,0,0,386,0,0,0,0,0,0,0,0,0,0,0,2,0,0,0,0,0,0,0,0,0,0,0,0,0,0,0,0,0,0,0,0,0,1156,0,0,0,0,0,207
Sample 98,5,0,0,0,0,0,28,0,0,0,0,0,0,0,0,0,0,0,15,0,0,0,0,0,0,3,0,0,0,0,0,0,0,0,0,0,32,0,0,0,5,0,0,0,0,0,0,0,0,0,0,0,0,0,0,0,0,0,0,0,0,0,0,0,0,0,0,0,0,0,0,34,40,0,0,0,0,0,122,0,0,0,0,25,0,0,0,0,0,0,0,0,0,0,0,0,0,0,0,0,0,237,67,0,0,0,0,0,0,0,0,353,0,0,0,38,0,0,0,0,0,0,0,0,0,0,0,78,0,10,0,21,0,74,0,0,0,0,0,0,0,0,0,0,0,0,0,0,0,0,0,0,10,0,0,0,0,0,0,0,0,0,0,0,0,0,0,0,0,0,0,0,0,0,0,0,0,0,0,0,0,0,0,0,0,0,5,0,54,0,0,0,0,0,0,0,0,0,0,0,0,0,0,0,0,0,0,0,0,0,0,0,0,0,0,0,0,29,0,0,0,0,0,0,0,0,0,0,0,0,0,0,0,0,0,0,0,0,99,0,136,58,0,0,0,0,18,195,0,0,39,0,0,0,0,0,0,0,0,0,0,349,0,126,0,0,0,0,0,23,0,0,0,0,0,0,0,0,15,0,0,0,0,0,0,0,0,0,0,0,0,0,0,0,0,0,0,0,0,0,1112,0,0,0,0,0,42
Sample 99,0,0,2,0,0,0,981,0,0,0,0,0,0,0,0,0,0,0,0,0,0,0,0,0,0,2257,0,0,0,0,0,0,0,0,0,0,20,0,0,0,0,20,0,0,0,0,0,0,0,0,0,0,0,0,0,0,0,0,0,0,0,0,0,0,0,0,0,0,0,0,0,407,8,0,0,0,0,0,72,4,0,0,0,13,0,0,0,0,0,0,0,0,0,0,0,0,0,0,0,0,0,224,57,0,0,0,66,0,0,0,28,0,0,0,0,0,0,0,0,0,0,0,0,5,0,0,0,4,0,0,4,4,46,32,0,0,0,17,0,73,0,0,0,0,0,0,0,0,0,0,2,0,14,0,0,74,0,0,0,0,0,0,0,0,0,0,52,0,0,0,0,0,0,0,0,0,0,0,0,0,0,0,0,0,0,0,63,0,40,0,0,0,0,0,0,0,0,0,0,0,0,0,0,0,0,0,0,0,0,0,0,0,0,0,1,0,0,22,0,0,0,0,0,0,0,0,0,0,0,0,0,0,0,0,0,0,0,0,294,20,0,165,26,0,0,0,152,70,0,59,15652,0,0,0,0,0,0,0,0,0,15,4813,0,797,0,0,0,0,0,0,0,0,6,0,0,0,0,0,1059,0,0,0,0,0,0,0,0,0,0,0,0,0,0,0,0,0,0,0,0,6,7,0,0,0,7,0,149
Sample 100,0,0,0,0,0,0,0,0,0,0,0,18,0,0,0,0,0,0,30,0,0,0,0,0,0,66,0,0,0,0,0,0,0,0,0,0,0,0,0,0,0,0,0,0,0,0,0,0,0,0,0,0,0,0,0,0,0,0,0,0,0,0,0,0,0,0,0,0,0,0,0,0,0,0,3,0,0,0,122,0,0,0,0,15,0,0,0,0,0,0,0,0,0,0,0,0,0,0,0,0,0,441,0,0,0,0,0,0,0,0,81,172,0,0,2,0,0,0,0,0,0,0,0,0,0,0,0,0,0,689,3,8,0,165,0,0,0,0,0,0,0,0,0,0,0,0,5,0,7,0,0,0,6,0,0,39,0,0,0,0,0,0,0,0,0,0,0,0,9,0,0,0,0,0,0,0,0,0,0,0,0,0,0,0,0,0,0,0,68,0,0,0,0,10,0,0,0,0,0,0,0,0,0,0,0,0,0,0,0,0,0,0,0,0,0,0,0,43,0,0,0,0,0,0,0,0,0,0,0,0,0,0,0,0,0,0,0,0,0,122,0,0,269,0,0,0,0,17,0,0,105,0,0,0,0,0,0,0,0,0,0,733,0,37,0,0,0,0,0,0,0,0,0,0,0,0,0,0,0,0,0,0,0,0,0,0,0,0,0,0,0,0,0,0,0,0,0,0,0,27,388,0,0,0,0,0,20
Sample 101,0,0,0,0,0,0,74,0,0,0,0,0,0,0,0,0,0,0,0,0,0,0,0,0,0,17,0,0,0,0,0,0,0,0,0,0,0,0,0,0,0,19,0,0,0,0,0,0,0,0,0,0,0,0,0,0,0,0,0,0,0,0,0,0,0,0,0,0,0,0,0,0,29,0,0,0,0,0,83,2,0,0,0,0,0,0,0,0,0,0,0,0,0,0,47,0,0,0,0,0,0,380,0,0,0,8,0,7,0,0,49,0,0,0,0,0,0,0,0,0,0,0,0,0,0,0,0,21,0,0,30,33,69,24,0,0,0,0,0,0,0,0,0,0,0,0,0,0,0,0,0,0,0,0,0,6,0,0,0,0,0,0,0,0,0,0,0,0,0,0,0,0,0,0,0,0,0,0,0,0,0,0,0,0,0,0,6,0,40,0,8,0,0,0,0,0,0,0,0,0,0,0,0,0,0,0,0,0,0,0,0,0,0,0,0,0,0,31,0,0,0,0,0,0,0,0,0,0,0,0,0,0,0,0,0,0,0,0,0,0,0,135,55,0,0,0,5,3,0,7,35,0,0,0,0,0,0,0,0,0,0,66,0,355,0,0,0,0,0,0,0,0,0,0,0,0,0,0,162,0,0,0,0,0,0,0,0,0,0,0,0,0,0,0,0,0,0,0,0,0,307,0,0,0,0,0,70
Sample 102,0,0,4,0,0,0,2086,0,0,0,0,0,0,0,0,0,0,0,0,0,0,0,0,0,0,4915,0,0,0,0,0,0,0,0,0,0,21,0,0,0,0,60,0,0,0,0,0,0,0,0,0,0,0,0,0,0,0,0,0,0,0,0,0,0,0,0,0,0,0,0,0,342,2,0,0,0,0,0,148,33,0,43,0,21,0,44,13,0,0,0,0,0,0,0,0,0,0,0,0,0,0,621,0,0,0,0,0,0,0,0,54,45,0,0,17,0,0,0,0,0,0,0,0,0,0,0,0,6,0,0,7,211,41,124,0,0,0,110,0,153,0,0,0,0,0,0,0,0,0,0,0,0,7,0,0,18,0,0,0,0,0,0,0,0,0,0,86,0,0,0,0,0,0,0,0,0,0,0,0,0,0,0,0,3,0,0,80,0,224,0,0,0,0,0,0,0,5,0,0,0,0,0,0,0,0,0,0,0,0,0,2,0,0,0,0,0,0,23,0,0,0,0,0,0,0,0,0,0,0,0,0,0,0,0,0,0,0,0,429,15,0,143,21,5,0,0,0,60,0,40,25686,0,0,0,0,0,0,0,0,0,0,8600,0,1456,0,0,0,0,0,0,0,0,10,0,0,0,0,0,676,136,0,0,0,0,0,0,0,20,0,0,0,0,0,0,0,0,0,0,0,0,38,0,0,0,0,0,316
Sample 103,356,0,2,0,0,0,47,0,0,0,0,0,0,0,0,0,0,0,214,0,0,0,0,0,0,57,0,0,0,0,0,0,0,0,0,0,35,0,0,0,0,34,10,0,7,0,0,0,0,0,0,0,0,0,12,0,0,0,0,0,0,3,0,17,0,3,0,0,0,0,0,22,257,0,0,0,0,0,186,4,0,0,0,108,0,0,0,0,0,0,0,0,0,0,0,0,0,0,57,4,0,414,47,0,0,0,0,20,0,0,8,56,0,0,3,0,0,0,0,0,0,0,0,0,0,0,0,24,833,112,4,916,12,99,0,0,0,41,0,187,0,0,0,0,0,0,0,0,0,0,0,0,6,0,3,0,0,0,0,0,0,0,0,0,0,0,0,0,12,0,0,0,0,0,0,0,0,0,0,0,0,0,0,0,0,0,5,0,92,0,0,0,0,0,0,0,0,0,0,0,0,0,0,0,0,0,0,0,0,0,5,0,0,0,0,0,0,26,0,0,0,0,0,0,0,0,0,0,0,0,0,0,0,0,0,0,0,0,253,0,0,872,55,45,0,0,55,58,0,2,750,3,0,0,0,0,0,0,0,0,27,1387,0,4973,0,0,137,0,0,442,0,0,0,0,0,0,0,0,0,0,0,0,0,0,0,0,0,0,0,0,0,0,0,0,0,0,0,2,0,11,17116,0,0,0,0,0,539
Sample 104,5,0,7,0,0,0,267,0,0,0,0,0,0,0,0,0,9,0,0,0,0,0,0,0,0,9,0,0,0,0,0,0,0,0,0,0,141,0,0,0,0,873,0,0,0,0,0,0,0,0,0,0,0,0,0,0,0,0,0,0,0,0,0,0,0,0,0,0,0,0,0,5,10,6,0,0,0,0,1154,448,0,18,53,18,0,0,0,0,0,0,0,0,0,0,0,0,0,0,0,93,0,538,10,0,0,0,3,2,0,0,3,0,0,0,24,0,0,2,0,0,0,0,0,0,0,0,0,33,0,43,191,692,628,896,0,0,0,974,0,6699,0,0,0,0,0,0,2,0,0,0,0,0,4,0,0,26,0,0,0,0,147,525,0,0,0,0,0,0,0,0,4,5,0,0,0,0,0,0,0,0,0,0,2,0,0,0,0,0,19,0,0,0,0,0,0,0,0,0,0,0,0,0,0,0,0,0,0,0,0,0,12,27,0,0,0,0,0,18,0,0,0,0,0,0,0,0,0,0,0,0,0,0,0,0,0,0,0,0,17,286,8,13552,13,21,0,2,22,8363,0,18,2098,0,0,3,0,0,0,0,0,0,5,3712,0,1893,0,8,17,0,0,221,0,0,0,0,0,0,0,0,77,0,0,0,0,0,0,0,0,0,0,0,0,0,0,0,65,0,0,3,9,10,100,0,0,0,0,2,1220
Sample 105,0,0,0,0,0,0,2,0,0,0,0,0,0,0,0,0,0,0,0,0,0,0,0,0,0,2,0,0,0,0,0,0,0,0,0,0,7,0,0,0,0,235,0,0,0,0,0,0,0,0,0,0,0,0,0,0,0,0,0,0,0,0,0,0,0,0,0,0,0,0,0,0,52,0,0,0,0,0,508,85,0,0,0,30,0,0,0,0,0,0,0,0,0,0,0,0,0,9,0,6,0,134,0,0,0,0,0,0,0,0,224,0,0,0,58,0,0,0,0,0,0,0,0,0,0,0,0,7,0,13,0,208,8,307,0,0,0,8,0,0,0,0,0,0,0,0,0,0,0,0,0,0,6,0,0,222,0,0,0,0,0,0,0,0,0,0,0,0,9,0,0,0,0,0,0,0,0,0,0,0,0,0,0,0,0,0,0,0,677,0,6,0,0,0,0,0,0,0,0,0,0,0,0,0,0,0,0,0,0,0,0,0,0,0,0,0,0,36,0,6,0,0,0,0,0,0,0,0,0,0,5,0,0,9,0,0,0,0,0,50,0,219,21,0,0,0,0,18,0,30,159,0,2,0,0,0,0,0,0,0,0,1028,0,277,0,0,0,0,0,0,0,0,0,0,0,0,0,0,0,0,0,0,0,0,0,0,0,0,0,0,0,0,0,0,0,0,0,0,0,0,176,0,0,0,0,0,352
Sample 106,19,0,0,0,0,0,703,0,0,0,0,0,0,0,0,0,0,0,0,0,0,0,0,0,0,122,0,0,0,0,0,0,0,0,0,0,8,0,0,0,117,349,0,0,12,0,0,0,0,0,0,0,0,2,11,0,0,0,0,0,0,0,3,0,0,0,0,0,0,0,0,1090,612,0,0,0,0,0,3289,45,0,0,137,49,0,3,10,0,0,0,0,0,0,0,0,0,0,0,14,44,0,1004,285,0,0,0,538,10,0,0,51,1021,0,10,32,0,0,0,0,0,0,0,26,0,0,0,0,129,0,77,416,121,37,308,0,0,0,83,18,116,0,0,0,0,0,0,9,0,0,0,0,0,39,0,0,99,0,0,0,0,0,0,0,0,0,0,0,0,0,0,0,10,0,0,0,0,0,0,0,0,0,0,0,3,0,0,9,0,303,0,0,0,0,290,0,0,0,0,0,0,0,0,0,0,0,0,0,0,0,0,0,0,0,0,0,0,0,6,0,0,0,0,0,0,0,0,0,0,0,0,0,0,0,0,0,0,0,0,157,57,0,271,76,0,0,4,83,63,0,19,3200,0,0,0,0,0,0,0,0,0,0,5959,0,1031,0,0,0,0,0,635,0,0,2,0,0,0,0,0,43,0,0,0,0,0,0,0,0,0,0,0,0,0,0,0,0,0,0,29,0,140,6473,0,0,0,0,0,2868
Sample 107,0,0,0,0,0,0,117,0,0,0,0,233,0,0,0,0,12,0,4,0,0,0,0,0,0,99,0,0,0,0,0,0,0,0,0,0,9,0,0,0,2,39,13,0,0,0,0,7,0,0,0,0,0,0,0,0,0,0,0,0,0,0,0,0,0,0,0,0,0,0,0,56,133,0,0,0,0,0,213,0,0,0,9,15,0,0,0,0,0,0,0,0,0,0,0,0,0,0,5,0,11,39611,6,0,0,0,0,0,0,0,23,130,0,0,0,0,0,0,0,0,0,0,0,0,0,0,0,85,0,0,9,0,190,233,0,0,0,22,0,0,0,0,0,0,0,0,16,0,0,0,0,0,0,2,0,18,0,0,0,0,0,0,0,0,0,0,0,0,0,0,0,0,0,0,0,0,0,0,0,0,0,0,0,0,0,0,0,0,184,0,0,0,0,0,0,0,0,0,0,0,0,0,0,0,0,0,0,0,0,0,0,0,0,0,0,0,0,48,0,152,0,0,0,0,0,0,0,0,0,0,0,0,0,0,0,0,0,0,0,0,0,99,34,0,0,0,54,134,0,55,256,0,0,0,0,0,0,0,0,0,0,265,0,131,0,0,0,0,0,14,0,0,0,0,0,0,21,0,75,0,0,0,0,0,0,0,0,0,0,0,0,0,0,0,0,0,0,2,0,2,697,0,0,0,0,0,303
Sample 108,3,0,0,0,0,0,110,0,0,0,0,107,0,0,0,0,5,0,57,0,0,0,0,0,0,76,0,0,0,0,0,0,0,0,0,0,116,0,0,0,17,37,0,0,5,0,0,0,0,0,0,0,0,0,11,0,0,0,0,0,0,0,3,0,4,0,0,0,0,0,0,1123,0,0,0,0,0,0,217,21,2,0,5,24,0,0,0,0,0,0,0,0,0,0,0,8,0,0,75,21,29,234,14,0,0,8,0,0,0,0,45,29,0,0,26,0,0,0,0,0,0,0,0,0,0,0,0,161,0,14,9,360,84,209,0,0,0,234,355,130,0,0,0,0,0,0,22,0,0,0,0,0,9,0,0,6,0,0,0,0,52,0,0,0,0,0,0,0,0,0,0,0,0,0,0,0,0,0,0,0,0,0,0,0,2,0,12,0,67,0,0,0,0,0,0,0,0,0,0,0,0,0,0,0,0,0,0,0,0,0,0,0,0,0,0,0,0,81,0,90,0,0,0,0,2,0,0,0,0,0,0,0,0,0,0,0,3,28,56,165,19,2174,24,15,0,5,27,1124,0,74,616,2,0,9,0,0,0,0,0,0,0,930,0,311,0,0,38,0,0,22,0,0,0,0,0,0,0,0,57,0,0,0,0,0,0,0,0,0,0,0,0,0,0,0,0,0,0,6,2,6,1212,0,0,0,0,0,470
Sample 109,118,0,0,0,0,0,286,0,0,0,0,139,0,0,0,0,8,0,153,0,0,0,0,0,0,64,0,0,0,0,0,0,0,0,0,0,14,0,0,0,295,89,0,0,84,0,0,0,0,0,0,0,0,11,27,13,0,0,0,12,0,0,11,29,0,0,0,0,0,0,0,682,0,0,0,0,0,0,228,14,0,0,0,141,0,4,0,0,0,0,0,0,0,0,0,0,0,0,0,0,0,463,0,0,0,16,0,0,0,0,12,519,0,0,112,0,0,0,0,0,0,0,0,0,0,0,0,76,0,23,20,2,239,139,0,0,0,363,179,13,0,0,0,0,0,0,0,0,0,0,0,0,0,0,0,21,0,0,0,0,110,0,0,0,0,0,0,0,0,0,0,0,0,0,0,0,0,0,0,0,0,0,0,0,0,0,0,0,98,0,0,0,0,0,0,0,0,0,0,0,0,0,0,0,0,0,0,0,0,0,0,0,0,0,0,0,10,193,0,33,47,0,0,0,0,0,0,3,0,0,0,0,0,0,0,0,0,9,8,39,0,748,5,14,0,2,19,872,0,163,278,4,0,0,0,0,0,0,0,0,0,498,0,207,0,0,0,0,0,83,0,0,0,0,0,0,0,27,31,0,0,0,0,0,0,0,0,0,0,0,0,0,0,0,0,0,0,8,2,4,1909,0,0,0,0,0,237
Sample 110,0,0,0,0,0,0,29,0,0,0,0,84,0,0,0,0,9,0,2,0,0,0,0,0,0,4,0,0,0,0,0,0,0,0,0,0,177,0,0,0,39,88,0,0,0,0,0,0,0,0,0,0,0,2,2,0,0,0,0,0,0,0,0,0,0,0,0,0,0,63,0,91,0,0,0,0,0,0,1052,94,3,0,244,261,0,0,0,0,0,0,0,0,0,0,24,0,0,0,0,21,0,510,31,0,0,13,0,0,0,0,49,19,0,0,18,0,0,0,0,0,0,0,0,0,0,0,0,100,18,4,23,840,34,473,0,0,0,536,906,414,0,0,0,0,0,0,4,0,0,2,0,0,5,0,0,2,8,0,0,0,83,3,0,0,0,0,0,0,0,0,0,0,0,0,0,0,0,0,0,0,0,0,0,0,0,0,3,0,31,0,0,0,0,0,0,0,0,0,0,0,0,0,0,0,0,0,0,0,0,0,18,0,0,0,0,0,8,87,0,0,0,0,0,0,0,0,0,0,0,0,0,0,0,0,0,10,0,0,10,253,8,7694,16,0,0,4,12,2245,0,11,417,2,0,0,0,0,0,0,0,0,25,2153,0,593,0,0,204,0,0,95,0,0,0,0,0,0,0,0,10,0,0,0,0,0,0,0,0,0,0,0,0,0,0,0,0,0,0,11,0,3,781,0,0,0,0,25,784
Sample 111,172,0,0,0,0,0,391,5,0,3,0,214,0,0,0,0,19,0,331,0,0,0,0,0,0,447,0,0,0,0,0,0,0,0,0,0,270,0,0,0,267,224,0,0,33,0,0,0,0,0,0,0,0,11,29,5,11,0,0,0,0,0,6,73,0,0,0,0,0,101,0,761,0,12,0,0,0,0,193,13,7,0,301,23,0,0,0,0,0,0,0,0,0,0,78,71,0,0,39,39,32,708,117,0,0,22,42,15,0,0,837,70,0,0,32,0,0,0,0,0,0,0,0,15,0,0,0,164,0,114,82,479,162,326,0,0,7,447,468,117,0,25,0,40,0,0,47,0,0,0,0,0,0,0,0,0,0,0,0,0,41,25,0,0,0,22,0,0,0,0,0,54,0,91,0,0,0,0,0,0,0,0,9,0,0,0,27,0,109,0,0,3,0,0,0,0,0,0,0,0,0,0,0,0,0,0,0,0,0,0,14,0,0,0,0,0,0,112,0,0,0,0,0,0,14,5,0,6,0,0,0,0,0,5,0,2,5,207,283,398,85,4135,93,78,0,19,280,1626,0,60,1011,11,0,0,0,0,8,0,0,7,24,1217,0,328,0,0,184,0,0,288,0,0,0,0,0,0,0,0,55,0,0,0,0,0,0,0,0,0,0,0,0,0,0,0,0,0,0,44,0,169,4164,0,0,0,0,0,575
Sample 112,16,0,0,0,0,0,468,0,0,4,0,4,0,0,0,0,9,0,87,0,0,0,0,0,0,306,0,0,0,0,0,0,0,0,0,0,22,0,0,0,151,162,0,0,6,0,0,0,0,0,0,0,0,2,0,4,0,0,0,0,0,0,0,0,0,6,0,0,0,0,0,1440,0,0,0,0,0,0,103,0,0,0,0,32,0,0,0,0,0,0,0,0,0,0,0,0,0,0,0,0,0,439,31,0,0,15,14,0,0,0,558,0,0,0,6,0,0,0,0,0,5,0,0,0,0,0,0,13,0,24,8,49,44,95,0,0,0,69,100,0,0,0,0,0,0,0,0,0,0,0,0,0,5,0,0,54,0,0,0,0,0,0,0,0,0,0,0,0,0,0,0,0,0,0,0,0,0,0,0,0,0,0,0,0,0,0,20,0,215,0,0,0,0,0,0,0,0,0,0,0,0,0,0,0,0,0,0,0,0,0,7,0,0,0,0,0,11,192,0,0,0,0,0,0,0,0,5,0,0,0,0,0,0,0,0,0,0,29,56,59,62,113,24,0,0,0,25,87,0,3,1968,0,0,0,0,0,0,0,0,2,0,221,0,85,0,0,275,0,0,207,0,0,0,0,0,0,0,76,221,0,0,0,0,0,0,0,0,0,0,0,0,0,0,0,0,0,0,12,0,11,1328,0,0,0,0,0,815
Sample 113,401,0,0,0,0,0,204,0,0,0,0,0,0,0,0,0,13,0,0,0,0,0,0,0,20,0,0,0,0,0,0,0,0,0,0,0,0,0,0,0,0,0,0,0,0,0,0,0,0,0,0,0,0,0,0,0,0,0,0,0,0,0,0,0,0,0,0,0,0,0,0,163,0,0,0,0,0,0,113,0,0,0,0,29,0,0,0,2,0,0,0,0,0,0,0,0,0,0,0,0,0,293,0,0,0,3,0,2,0,0,254,0,0,0,0,0,0,0,0,0,0,0,0,0,0,0,0,109,0,0,24,369,5,92,0,0,0,8,0,0,0,0,0,0,0,0,0,0,0,0,3,0,0,0,0,11,0,0,0,0,71,0,0,0,0,0,0,0,0,0,0,0,0,0,0,0,0,0,0,0,0,0,0,0,0,0,4,0,38,0,0,0,0,0,0,0,0,0,0,0,0,0,0,0,0,0,0,0,0,0,0,0,0,0,0,0,0,283,0,0,0,0,0,0,0,0,0,0,0,0,0,0,0,0,0,0,0,0,0,124,0,99,17,4,7,0,14,8,0,0,357,0,0,0,0,0,0,0,0,0,0,203,0,1510,0,0,43,0,0,0,0,0,0,0,0,0,0,0,6,0,0,0,0,0,0,0,0,0,0,0,0,0,0,0,0,0,0,0,4,0,6827,0,0,0,0,0,149
Sample 114,21,0,2,0,0,0,132,0,0,0,0,0,0,0,0,0,113,0,6,0,0,0,0,0,0,178,0,31,0,5,2,0,101,3,0,0,143,0,0,0,0,1202,0,0,0,0,0,0,0,0,16,0,2,184,0,0,0,0,0,0,0,0,0,0,0,0,0,0,0,24,0,24,0,3,1,0,0,0,1541,104,0,217,117,35,0,42,12,0,0,0,0,0,0,32,0,0,0,21,14,57,3,2024,232,0,0,42,578,54,0,0,1012,992,0,0,431,2,0,0,0,0,0,0,0,0,0,5,0,591,38,102,196,2111,107,1992,6,0,6,1742,0,1034,0,0,0,0,0,0,14,3,0,0,99,0,961,50,0,1391,0,0,14,0,40,43,0,0,0,0,0,0,0,0,0,0,0,0,0,2,8,0,0,0,3,0,0,0,0,3,19,0,339,6,57,0,0,48,0,28,0,0,14,0,0,0,0,3,0,0,0,0,0,0,9,0,0,0,0,0,0,191,0,0,0,0,0,0,4,2,0,0,0,0,0,0,0,5,0,19,2,19,69,400,19,7504,35,15,0,9,222,3304,0,98,1707,0,0,0,0,0,514,0,0,4,6,6746,0,2863,0,0,665,0,0,169,0,0,0,0,0,0,0,0,60,0,0,0,0,0,0,0,0,0,0,0,0,0,0,0,0,0,38,28,2,6,3415,0,0,0,0,0,2698
Sample 115,21,0,0,0,0,0,1258,0,0,0,0,2,0,0,0,0,0,0,16,2,0,0,0,0,10,3410,0,0,0,7,0,0,0,0,0,0,13,0,0,0,3,156,0,0,4,0,0,0,0,0,8,0,0,0,0,0,0,0,0,0,0,0,0,0,0,0,0,0,0,0,0,470,0,0,0,0,0,0,1333,13,0,0,1,484,0,5,51,196,0,0,0,2,0,0,0,0,0,10,87,3,0,2124,367,0,0,80,17,13,0,0,921,796,0,0,320,0,0,0,0,0,0,0,0,0,0,6,0,475,326,17,19,76,307,1343,0,0,21,1597,0,20,0,0,0,4,0,0,9,0,0,0,17,0,417,0,0,1879,0,0,4,0,0,0,0,0,0,2,0,0,0,0,0,0,0,0,0,0,0,0,0,0,3,0,0,0,0,0,265,0,208,0,3,0,0,247,0,0,0,0,25,0,0,0,0,0,0,0,0,0,0,0,6,0,0,0,0,0,0,157,0,0,0,0,0,0,4,0,5,4,0,0,0,0,0,7,0,202,0,34,520,33,20,668,16,25,0,2,92,218,0,187,9030,8,0,2,0,0,0,0,0,0,0,15533,0,5303,0,0,1365,0,0,26,0,0,5,0,0,0,0,0,998,0,0,0,0,0,0,0,0,0,0,0,0,0,0,0,0,0,74,0,0,0,873,0,0,0,5,0,11416
Sample 116,315,0,0,307,0,0,60,7,0,14,304,245,124,4,35,0,128,0,5433,423,0,0,0,0,0,778,0,0,0,0,0,0,0,0,0,0,25,2,0,0,0,435,0,0,15,0,0,0,0,50,0,0,0,0,8,0,0,0,0,0,0,0,2,0,0,0,0,0,0,195,0,10351,0,0,0,0,0,0,1231,63,0,0,145,547,0,104,29,0,0,2,0,0,0,0,0,0,0,0,3,16,0,6110,152,92,13,23,31,7,0,0,608,664,0,12,111,0,0,5,0,0,0,0,0,0,0,10,0,293,2199,92,69,1463,120,724,0,0,475,412,0,66,0,0,0,0,0,0,27,0,0,0,0,0,164,15,0,105,0,0,0,0,0,7,0,0,0,0,0,3,0,0,0,0,0,0,0,0,0,0,0,0,0,0,0,0,0,0,111,0,217,0,0,0,0,0,0,0,0,10,0,0,0,0,0,0,0,0,0,0,0,0,6,0,0,0,0,0,0,79,0,0,10,0,0,8,11,43,11,26,6,0,0,0,0,41,0,0,29,803,1329,786,247,2565,344,601,0,53,1177,1541,21,46,3199,0,7,0,0,0,0,0,0,0,7,1561,0,7024,0,0,264,17,95,2777,0,0,48,0,0,0,0,0,413,0,0,0,0,0,0,0,0,0,0,0,0,0,0,0,0,0,0,46,8,13,12377,0,0,215,0,15,2932
Sample 117,0,0,0,0,0,0,38,0,0,0,0,0,0,0,0,0,14,0,81,0,0,0,0,0,0,6,0,0,0,0,0,0,0,0,0,0,0,0,0,0,0,86,0,0,0,0,0,0,0,0,0,0,0,0,0,0,0,0,0,0,0,0,0,0,0,0,0,0,0,80,0,17,0,0,0,0,0,0,94,158,0,0,12,224,0,0,0,0,0,0,0,0,0,0,0,0,0,0,0,2,0,415,0,0,0,3,5,5,0,0,61,0,0,0,0,0,0,0,0,0,0,0,0,0,0,0,0,0,0,0,35,152,186,22,0,0,0,77,0,356,0,0,0,0,0,0,0,0,0,0,0,0,7,0,0,3,0,0,0,0,13,126,0,0,0,0,0,0,0,0,0,0,0,0,0,0,0,0,0,0,0,0,0,0,0,0,6,0,25,0,0,0,0,0,0,0,0,0,0,0,0,0,0,0,0,0,0,0,0,0,0,0,0,0,0,0,2,246,0,0,0,0,0,0,0,0,3,0,0,0,0,0,0,0,0,0,0,0,103,0,0,807,6,4,0,0,4,543,0,124,306,0,0,0,0,0,0,0,0,0,0,587,0,188,0,0,0,0,0,5,0,0,0,0,0,0,0,0,0,0,0,0,0,0,0,0,0,0,0,0,0,0,0,0,0,0,0,0,0,0,169,0,0,0,0,0,215
Sample 118,255,0,0,0,0,0,0,0,0,0,0,0,0,0,0,0,140,0,15,0,0,0,0,0,0,18,0,0,0,0,0,0,0,0,0,0,15,0,0,0,0,24,0,0,8,0,0,0,0,0,0,0,0,0,2,0,0,0,0,0,0,0,0,0,0,0,0,0,0,0,0,97,0,0,0,0,0,0,63,0,0,0,0,24,0,2,0,0,0,0,0,0,0,99,4,0,0,0,16,0,0,173,44,0,0,3,0,6,0,0,10,0,0,0,0,0,0,0,0,0,0,0,0,0,0,0,0,63,175,41,11,66,7,82,0,0,7,53,0,30,0,0,0,0,0,0,0,0,0,0,0,0,0,0,0,31,0,0,0,0,0,0,0,0,0,0,0,0,0,0,0,0,0,0,0,0,0,0,0,0,0,0,0,4,0,2,36,0,260,0,0,0,0,20,0,0,0,0,0,0,0,0,0,0,0,0,0,0,0,0,0,0,0,0,0,0,0,56,0,0,0,0,0,0,10,21,9,0,0,0,0,0,0,39,0,60,28,948,1092,578,311,323,301,457,43,108,575,317,0,4,44,6,0,9,0,0,0,0,0,7,15,190,0,6220,0,0,103,0,0,0,0,0,0,0,0,0,0,0,2,0,0,0,0,0,0,0,0,0,0,0,0,0,0,0,0,0,0,17,0,0,18276,0,3,0,0,0,294
Sample 119,0,0,0,0,0,0,198,0,0,0,0,218,0,0,0,0,78,0,192,0,0,0,0,0,0,148,0,0,0,0,0,0,0,0,0,0,152,0,0,0,0,127,0,0,15,0,0,0,0,0,0,0,0,0,0,0,0,0,0,0,0,0,0,0,0,0,0,0,0,0,0,126,0,0,0,0,0,0,222,67,0,0,0,234,0,2,8,0,0,0,0,0,0,0,0,0,0,0,0,3,51,392,160,0,0,5,0,0,6,0,15,63,0,0,0,0,0,7,0,0,0,0,0,0,0,0,0,122,0,15,13,370,130,276,17,0,499,20,0,536,0,0,0,0,0,0,5,0,0,0,0,0,0,33,0,38,0,0,0,0,49,4,0,0,0,0,0,0,0,0,0,0,0,0,0,0,0,0,0,0,0,0,2,2,0,0,31,0,176,0,0,0,0,0,0,0,0,0,0,0,0,0,0,0,0,0,0,0,0,0,0,10,0,0,0,0,0,72,0,0,0,0,0,0,7,15,13,5,0,0,0,0,0,20,0,3,8,188,226,523,57,5656,65,72,0,25,92,1393,0,87,425,0,0,0,0,0,0,0,0,0,4,635,0,470,0,0,12,0,0,26,0,0,0,0,0,0,0,0,0,0,0,0,0,0,0,0,0,0,0,0,0,0,0,0,0,0,0,13,0,1,2116,0,0,0,0,0,176
Sample 120,1032,0,0,0,0,0,567,0,0,0,321,0,0,0,0,0,79,0,516,0,0,0,0,0,0,61,0,0,0,0,0,0,0,0,0,0,9,0,0,0,0,24,0,0,21,0,0,0,0,0,3,0,0,0,0,0,0,0,132,0,0,0,0,0,0,0,0,0,0,0,0,326,0,0,0,0,0,0,16,2,0,0,0,33,0,32,0,0,0,0,0,0,0,0,0,0,0,0,0,0,0,1239,0,0,0,47,21,0,0,0,82,22,0,0,102,0,0,0,0,0,0,0,0,0,0,0,0,100,0,29,0,125,36,10,0,0,0,219,0,0,0,0,0,0,0,0,20,0,0,6,2,0,2,0,0,103,0,0,0,0,0,0,0,0,0,0,0,0,0,0,0,0,0,0,0,0,0,0,0,0,0,0,0,0,0,0,5,0,204,0,0,0,0,0,0,0,0,0,0,0,0,0,0,0,0,0,0,0,0,0,0,0,0,0,0,0,4,94,0,0,0,0,0,6,0,12,5,0,0,0,0,0,0,0,0,0,0,0,325,416,36,287,547,424,0,29,253,548,0,30,264,0,0,0,0,0,0,0,0,0,14,1683,0,949,0,0,0,0,0,159,0,0,15,0,0,0,0,0,414,0,0,0,0,0,0,0,0,0,0,0,0,0,0,0,0,0,0,99,0,10,5135,0,5,0,0,0,578
Sample 121,714,0,0,0,0,0,200,0,0,0,0,204,0,0,0,0,13,0,294,8,0,0,0,0,0,380,0,0,0,0,0,0,0,0,0,0,87,0,0,0,32,249,0,0,64,0,0,0,0,0,0,0,0,0,6,2,0,0,0,0,0,0,4,38,0,0,0,0,0,18,0,1682,0,0,0,0,0,0,252,0,0,0,0,82,0,9,5,0,0,0,0,0,0,0,0,0,0,0,5,4,0,522,33,0,0,13,123,6,0,0,298,98,0,0,0,4,0,0,0,0,0,0,0,5,0,8,0,333,0,172,67,457,70,406,0,0,0,499,0,34,0,0,0,0,0,0,14,0,0,0,3,0,57,5,0,307,0,0,0,0,16,0,0,0,0,0,0,0,0,0,0,0,0,0,0,0,0,0,0,0,0,0,0,0,0,0,16,0,281,0,0,0,0,23,0,0,0,0,0,0,0,0,0,0,0,0,0,0,37,0,0,0,0,0,9,0,0,48,0,0,0,0,0,0,17,7,6,8,0,0,0,0,0,11,0,0,9,191,183,173,39,341,63,414,0,11,110,722,0,76,1037,5,0,3,0,0,0,0,0,0,12,653,0,929,0,0,1960,0,0,92,0,0,0,0,0,0,0,26,82,0,0,0,0,0,0,0,0,0,0,0,0,0,0,0,0,0,0,11,2,3,4989,0,0,0,0,0,2162
Sample 122,55,0,0,0,0,0,146,0,0,7,0,274,0,0,0,0,0,0,269,0,0,0,0,0,0,131,0,0,0,0,0,0,0,0,0,0,9,0,0,0,0,237,0,0,3,0,0,0,0,0,0,0,0,0,10,0,0,0,0,0,0,0,4,0,0,0,0,0,0,77,0,685,0,0,0,0,0,0,1212,61,0,0,58,124,0,197,6,0,0,0,0,0,0,0,0,77,0,0,0,8,0,590,231,0,0,38,221,41,0,4,693,59,0,0,3,0,0,13,0,0,6,0,0,0,0,27,0,543,0,125,36,367,131,688,0,0,0,1218,0,0,0,0,0,0,0,0,0,0,0,0,6,0,2012,4,0,2270,0,0,0,0,0,4,0,0,0,0,0,9,0,0,0,9,0,0,0,6,0,0,0,0,0,0,0,0,0,0,74,0,548,0,0,0,0,0,0,0,0,0,32,0,0,0,0,0,0,0,0,0,0,0,4,0,0,0,0,0,0,283,0,0,0,0,0,16,24,43,18,52,0,0,0,0,0,18,0,118,24,1194,1376,691,351,844,223,195,0,49,416,321,0,95,624,0,0,0,0,0,0,0,0,6,86,1243,0,3656,0,0,3476,0,0,52,0,0,0,0,0,0,20,0,46,0,0,0,0,0,0,0,0,0,0,0,0,0,0,0,0,0,0,37,0,4,5323,0,0,0,0,0,5071
Sample 123,79,0,0,0,0,0,0,0,0,0,0,0,0,0,0,0,0,0,2,0,0,0,0,0,0,3,0,0,0,0,0,0,0,0,0,0,0,0,0,0,0,0,0,0,0,0,0,0,0,0,0,0,0,0,0,0,0,0,0,0,0,0,0,0,0,0,0,0,0,0,0,10,0,0,0,0,0,0,160,0,0,0,0,3,0,5,0,0,0,0,0,0,0,0,0,0,0,0,0,0,0,18,17,0,0,9,0,10,0,0,0,0,0,0,0,0,0,4,0,0,0,0,0,0,0,0,0,51,0,31,4,48,38,26,0,0,0,34,0,4,0,0,0,0,0,0,0,0,0,0,0,0,0,0,0,0,0,0,0,0,0,42,0,0,0,0,0,9,0,0,0,0,0,0,0,0,0,0,0,0,0,0,0,2,0,0,53,0,5,0,0,0,0,0,0,0,0,0,0,0,0,0,0,0,0,0,0,0,3,0,0,0,0,0,0,0,0,11,0,0,0,0,0,10,15,5,9,12,0,8,0,0,0,34,0,2,50,361,2704,1199,210,1382,150,345,0,36,320,179,0,0,172,0,0,0,0,0,0,0,0,0,124,904,0,22096,0,0,635,0,0,30,0,0,0,0,0,0,0,0,0,0,0,0,0,0,0,0,0,0,0,0,0,0,0,0,0,0,0,5,0,3,59164,0,0,0,0,0,1053
Sample 124,0,0,0,0,0,0,0,0,0,0,0,3,0,0,0,0,0,0,0,0,0,0,0,0,0,0,0,0,0,0,0,0,0,0,0,0,0,0,0,0,0,6,0,0,0,0,0,0,0,0,0,0,0,0,0,0,0,0,0,0,0,0,0,0,0,0,0,0,0,0,0,0,0,0,0,0,0,0,15,0,0,0,0,90,0,4,0,0,0,0,0,0,0,0,0,0,0,0,0,6,0,726,0,0,0,8,9,4,0,0,211,0,4,0,0,0,0,0,0,0,0,0,0,0,0,0,0,104,56,217,182,87,2,5,0,0,0,15,0,0,0,0,0,0,0,0,6,0,0,0,0,0,46,0,0,3,0,0,0,0,0,0,0,0,0,0,0,0,0,0,0,0,0,0,0,0,0,0,0,0,0,0,0,0,0,0,0,0,16,0,0,0,0,9,0,0,0,0,0,0,0,0,0,0,0,0,0,0,0,0,0,0,0,0,0,0,0,235,0,0,0,0,0,0,0,0,0,0,0,0,0,0,0,0,0,0,0,0,37,0,0,44,0,0,0,0,11,6,0,0,63,0,0,0,0,0,0,0,0,0,0,682,0,79,0,0,0,0,0,0,0,0,0,0,0,0,0,0,0,0,0,0,0,0,0,0,0,0,0,0,0,0,0,0,0,0,0,0,0,0,294,0,0,0,0,0,322
Sample 125,0,0,0,0,0,0,0,0,0,0,0,5,0,0,0,0,5,0,0,0,0,0,0,0,0,0,0,327,0,12,0,0,0,0,0,0,0,0,0,0,0,0,0,0,0,0,0,0,0,0,0,0,0,0,0,0,0,0,0,0,0,0,0,0,0,0,0,0,0,0,0,0,0,0,0,0,0,0,11,0,0,0,0,27,0,43,0,0,0,0,0,0,0,0,0,0,0,0,0,0,0,233,0,0,0,3,0,0,0,0,5,0,0,0,0,0,0,0,0,0,0,0,0,0,0,0,0,0,0,0,0,8,12,12,0,0,0,135,0,0,0,0,0,0,0,0,0,0,0,0,0,0,32,0,0,0,0,0,0,0,0,0,0,0,0,0,0,0,0,0,0,0,0,0,0,0,0,0,0,0,0,0,0,0,0,0,0,0,51,0,0,0,0,0,0,0,0,0,0,0,0,0,0,0,0,0,0,0,0,0,0,0,0,0,0,0,3,141,0,0,0,0,0,0,0,0,0,0,0,0,0,0,0,0,0,0,0,0,0,122,0,46,0,0,0,0,0,4,0,0,23,0,0,0,0,0,0,0,0,0,0,18,0,166,0,0,0,0,0,0,0,0,0,0,0,0,0,0,0,0,0,0,0,0,0,0,0,0,0,0,0,0,0,0,0,0,0,0,0,0,93,0,0,0,0,0,84
Sample 126,0,0,0,0,0,0,7,0,0,0,0,0,0,0,0,0,0,0,9,0,0,0,0,0,0,83,0,16,0,0,0,0,0,0,0,0,0,0,0,0,0,2,0,0,0,0,0,0,0,0,0,0,0,0,0,0,0,0,0,0,0,0,0,0,0,0,0,0,0,0,0,0,0,0,0,0,0,0,134,0,0,0,0,0,0,43,0,0,0,0,0,0,0,0,0,0,0,0,0,5,0,333,0,0,0,10,21,7,0,0,97,0,0,0,2,0,0,0,0,0,0,0,0,0,0,0,0,7,0,339,8,0,6,0,0,0,0,66,0,0,0,0,0,0,0,0,11,0,0,0,0,0,0,0,0,2,0,0,0,0,0,0,0,0,0,0,0,0,0,0,0,0,0,0,0,0,0,0,0,0,0,0,0,0,0,0,0,0,3315,0,3,0,0,0,0,0,0,0,0,0,0,0,0,0,0,0,0,0,0,0,0,0,0,0,0,0,0,210,0,0,0,0,0,0,0,0,0,0,0,0,0,0,0,0,0,11,0,35,22,49,0,59,0,8,0,0,10,52,0,9,82,0,0,0,0,0,0,0,0,0,0,8,0,67,0,0,0,0,0,0,0,0,0,0,0,0,0,0,0,0,0,0,0,0,0,0,0,0,0,0,0,0,0,0,0,0,0,0,0,0,381,0,0,0,0,0,18
Sample 127,8,0,0,0,0,0,1770,11,0,10,56,713,17,0,0,0,536,0,655,38,0,0,0,0,0,1308,0,0,0,0,0,0,0,3,0,0,70,0,0,0,0,159,0,0,24,0,0,0,0,0,0,0,0,0,6,0,0,0,0,0,0,0,0,0,0,0,0,0,0,0,0,119,0,0,0,0,0,0,62,0,0,0,0,0,0,5,0,31,0,0,0,0,0,0,0,0,0,0,0,0,101,261,0,0,0,0,21,0,0,0,22,0,0,0,0,0,0,0,0,0,0,0,0,0,0,0,0,207,0,134,8,130,980,1424,0,0,0,5,0,0,7,0,0,0,0,0,29,0,0,0,0,0,3,0,0,2,0,0,0,0,0,0,0,0,0,0,0,0,0,0,0,0,0,0,0,2,0,0,0,0,0,0,0,0,0,0,4,0,85,0,0,0,0,0,0,0,36,0,0,0,0,0,0,0,0,0,0,0,0,0,0,0,0,0,0,0,0,115,0,0,214,0,0,0,0,0,0,0,0,0,0,0,0,0,0,0,0,0,0,240,11,66,3,0,0,0,9,241,0,11,294,2,0,0,0,0,0,0,0,0,0,110,0,222,0,0,15,0,0,255,0,0,183,0,0,0,0,0,683,0,0,0,0,0,0,0,0,0,0,0,0,0,0,0,0,0,0,0,0,0,215,0,0,0,0,0,259
Sample 128,12,2,0,0,292,0,1733,58,0,4,0,3114,0,0,0,0,112,0,434,5,0,0,0,0,0,708,0,0,0,0,0,0,0,0,0,0,298,0,0,0,0,1283,0,0,16,0,0,0,0,0,0,0,0,0,25,6,0,0,0,6,0,0,6,25,0,0,0,4,0,0,0,266,0,4,0,3,0,0,980,286,0,0,63,354,0,214,6,37,0,0,0,0,0,0,0,0,0,0,13,2,1866,3993,17,0,0,53,2777,14,7,0,1288,80,0,0,193,0,0,0,0,0,0,0,8,0,0,13,0,158,0,3300,239,1001,4845,5370,0,0,0,1246,0,31,0,0,0,0,0,0,48,0,0,0,0,0,199,33,0,630,0,0,17,0,3,0,0,0,0,0,0,983,0,0,0,19,0,0,0,0,0,0,0,0,0,0,0,0,0,0,15,0,41,22,0,0,0,166,0,4,0,0,0,0,0,0,0,15,0,0,0,0,7,0,14,0,0,0,0,0,11,94,0,586,324,0,0,0,7,6,5,0,0,0,0,0,0,11,0,176,0,67,195,738,26,697,12,33,0,3,42,3515,0,135,2284,10,0,0,0,0,0,0,0,0,6,4029,212,6057,0,0,1469,0,26,57,0,0,57,0,0,0,0,0,2220,0,0,0,0,0,0,0,0,0,0,0,0,0,0,0,0,0,11,4,0,0,3469,0,0,0,0,0,4274
Sample 129,0,0,0,0,0,0,2369,8,0,3,4,3849,0,0,0,0,1684,0,823,15,0,0,0,0,0,2768,0,0,0,0,0,0,0,0,0,0,391,0,0,0,0,211,43,0,32,0,0,0,0,0,0,0,0,0,10,4,0,0,0,0,0,0,17,20,10,0,0,0,0,0,0,84,0,0,0,0,0,0,58,0,0,0,0,0,0,0,0,0,0,0,0,0,0,0,0,0,0,0,0,0,137,999,0,0,0,0,10,0,0,0,5,0,0,0,0,0,0,0,0,0,0,0,0,0,0,0,0,316,0,61,15,311,4630,2530,0,0,6,38,0,0,0,0,0,0,0,0,45,0,0,0,0,0,0,0,0,0,0,0,0,0,0,0,0,0,0,11,0,6,0,0,0,0,0,0,0,0,0,0,0,0,0,0,0,0,0,0,6,0,231,0,0,0,0,0,0,0,0,0,0,0,0,0,0,0,0,0,0,0,0,0,0,0,0,0,0,0,0,44,0,1273,26,0,0,0,0,0,0,0,0,0,0,0,0,0,0,0,0,0,44,0,0,77,0,0,0,0,69,40,5,96,210,5,0,0,0,0,0,0,0,0,3,634,0,208,0,0,0,0,0,162,3,0,195,0,0,0,0,0,1929,0,0,0,0,0,0,0,0,0,0,0,0,0,0,0,0,0,18,0,0,0,595,0,0,0,0,0,610
Sample 130,0,0,0,0,0,0,0,0,0,0,0,0,0,0,0,0,0,0,0,0,0,0,0,0,0,5,0,0,0,0,0,0,0,0,0,0,0,0,0,0,0,2,0,0,0,0,0,0,0,0,0,0,0,0,0,0,0,0,0,0,0,0,0,0,0,0,0,0,0,0,0,11,0,0,0,0,0,0,2,15,0,0,0,5,0,0,0,0,0,0,0,0,0,0,0,0,0,0,0,0,0,89,0,0,0,0,27,0,0,0,0,0,0,0,109,0,0,0,0,0,0,0,0,0,0,0,0,13,0,0,9,0,6,4,0,0,0,143,0,0,0,0,0,0,0,0,0,0,0,0,0,0,23,0,0,0,0,0,0,0,0,0,0,0,0,0,0,0,0,0,0,0,0,0,0,0,0,0,0,0,0,0,0,0,0,0,0,0,6,0,0,0,0,0,0,0,0,0,0,0,0,0,0,0,0,0,0,0,0,0,0,0,0,0,0,0,0,76,0,0,0,0,0,0,0,0,0,0,0,0,0,0,0,0,0,180,0,0,0,0,0,485,0,0,0,0,0,41,0,2,25,0,0,0,0,0,0,0,0,0,0,19,0,28,0,0,0,0,0,0,0,0,0,0,0,0,0,0,3,0,0,0,0,0,0,0,0,0,0,0,0,0,0,0,0,0,0,0,0,0,312,0,0,0,0,0,14
Sample 131,0,0,0,0,0,0,387,0,0,0,0,91,0,0,0,0,128,0,701,0,0,0,0,0,0,243,0,0,0,0,0,0,0,0,0,0,75,0,0,0,0,60,0,0,0,0,0,0,0,0,2,0,0,0,3,0,0,0,0,0,0,0,0,5,0,0,4,0,0,0,0,100,0,0,0,0,0,0,55,12,0,0,0,116,0,0,0,6,0,0,0,0,0,0,0,0,0,0,264,0,0,1258,63,0,10,13,10,3,0,0,80,0,0,0,0,0,0,0,0,0,0,0,0,0,0,7,0,272,0,31,12,557,473,761,0,0,0,2793,0,0,0,0,0,0,0,0,0,0,0,0,0,0,105,4,0,41,0,0,0,0,4,0,0,0,0,0,0,0,0,0,0,0,0,0,0,0,0,0,0,0,0,0,0,0,0,0,8,0,14,0,0,0,0,0,0,8,0,0,0,0,0,0,0,0,0,0,0,0,0,0,0,0,0,0,0,0,0,161,0,0,24,0,0,0,0,0,0,4,0,0,0,0,0,0,0,0,0,0,64,0,9,628,6,4,0,2,22,183,0,225,207,0,0,0,0,0,0,0,0,6,10,1442,0,176,0,0,69,0,0,163,0,0,0,0,0,0,0,0,281,0,0,0,0,0,0,0,0,0,0,0,0,0,0,0,0,0,0,3,0,0,950,0,0,0,0,0,1836
Sample 132,0,0,0,0,0,0,414,3,0,0,0,65,0,0,0,0,416,0,5,0,0,0,0,0,0,867,0,0,0,0,0,0,0,0,0,0,0,0,0,0,0,146,0,0,0,0,0,0,0,0,0,0,0,0,0,0,0,0,0,0,0,0,0,0,0,0,0,0,0,0,0,17,0,0,0,0,0,0,293,24,0,0,0,125,0,12,0,78,0,0,0,0,0,0,218,0,2,0,0,0,0,1982,18,0,0,12,11,3,0,0,365,0,0,0,0,0,0,0,0,0,0,0,0,0,0,0,0,366,0,586,26,215,148,702,0,0,0,377,0,6,0,0,0,0,0,0,0,3,0,0,7,0,325,0,0,119,0,0,0,0,0,0,0,0,0,0,0,0,0,0,0,0,0,0,0,0,0,0,0,0,0,0,0,0,2,0,0,0,38,0,0,0,0,0,0,0,0,0,0,0,0,0,0,0,0,0,0,0,0,0,0,0,0,0,0,0,0,66,0,0,0,0,0,0,0,0,0,0,0,0,0,0,0,0,0,42,0,23,27,26,0,870,2,6,0,0,11,49,0,284,1382,0,0,0,0,0,0,0,0,0,54,1719,0,2657,0,0,29,0,258,0,0,0,13,0,0,0,0,0,692,0,0,0,0,0,0,0,0,0,0,0,0,0,0,0,0,0,0,2,0,0,607,0,0,0,0,0,846
Sample 133,0,0,0,0,0,0,0,0,0,0,0,0,0,0,0,0,67,0,0,0,0,0,0,0,0,4,0,0,0,0,0,0,0,0,0,0,0,0,0,0,0,0,0,0,0,0,0,0,0,0,0,0,0,0,0,0,0,0,0,0,0,0,0,0,0,0,0,0,0,0,0,3,0,0,0,0,0,0,6,0,0,0,0,128,0,0,0,0,0,0,0,0,0,0,0,0,0,0,0,0,0,189,0,0,0,0,0,0,0,0,99,0,0,0,0,0,0,0,0,0,0,0,0,0,0,0,0,18,0,28,0,52,42,17,0,0,0,0,0,0,0,0,0,0,0,0,0,0,0,0,0,0,0,0,0,0,0,0,0,0,0,0,0,0,0,0,0,0,0,0,0,0,0,0,0,0,0,0,0,0,0,0,0,0,0,0,0,0,6,0,0,0,0,0,0,0,0,0,0,0,0,0,0,0,0,0,0,0,0,0,0,0,0,0,0,0,0,137,0,0,0,0,0,0,0,0,0,0,0,0,0,0,0,0,0,0,0,0,0,0,0,0,0,0,0,0,0,12,0,0,4,0,0,0,0,0,0,0,0,0,0,6,0,0,0,0,9,0,0,0,0,0,0,0,0,0,0,0,0,0,0,0,0,0,0,0,0,0,0,0,0,0,0,0,0,0,0,0,0,0,58,0,0,0,0,0,96
Sample 134,5,0,0,0,0,0,2507,632,2,21,46,3337,0,11,114,0,587,0,2115,469,0,0,0,0,0,4813,0,0,0,0,0,0,0,0,0,0,213,0,0,4,0,517,281,0,46,0,0,0,0,0,0,0,0,0,54,8,14,0,0,0,0,0,0,323,0,0,0,0,0,0,0,583,0,37,0,0,0,0,49,0,0,0,0,30,0,5,0,252,0,0,0,0,0,0,0,0,0,0,210,0,0,316,56,0,100,16,33,0,0,0,70,0,0,0,0,0,0,0,0,0,0,0,0,0,0,0,0,143,92,84,55,4,2659,1448,0,0,0,39,0,0,0,0,0,0,0,0,636,0,0,0,0,0,0,0,0,0,0,0,71,0,0,0,0,0,0,0,0,43,0,0,0,0,0,0,0,0,0,0,0,0,0,0,0,0,0,0,0,0,35,0,0,0,10,0,0,76,0,0,128,0,0,0,0,0,0,0,0,0,18,0,0,0,0,0,0,0,0,106,0,0,62,0,0,0,2,0,0,0,0,0,0,0,0,0,0,0,0,0,51,13,0,46,47,15,0,7,60,351,25,124,964,7,0,0,0,0,0,0,0,0,0,562,0,412,0,0,15,0,0,867,0,0,28,0,0,0,0,0,3035,0,0,0,0,0,0,0,0,0,0,0,0,0,0,0,0,0,0,5,0,0,449,0,0,0,6,0,1113
Sample 135,82,2,0,0,0,0,991,1144,0,23,301,1216,0,0,0,0,186,0,2120,25,0,0,0,0,0,166,0,0,0,0,0,0,0,0,0,0,57,0,0,20,0,1904,19,0,177,0,0,0,0,0,0,0,0,0,17,8,0,0,0,5,0,0,12,40,8,0,0,0,0,0,0,2036,0,21,0,0,0,0,91,0,0,0,39,0,0,0,0,130,0,0,0,0,0,0,0,24,0,0,94,42,14,2014,761,0,22,11,13,0,0,0,11,0,0,0,0,0,0,0,0,0,0,0,0,0,0,0,0,53,845,62,12,37,1290,390,0,0,0,34,0,0,0,0,0,0,0,0,97,2,0,0,0,0,7,0,0,47,0,0,0,0,0,0,0,0,0,0,0,0,0,0,0,0,0,0,0,0,0,0,0,0,0,0,0,0,0,0,5,0,18,0,0,0,4,0,0,0,24,0,0,0,0,0,0,10,0,0,0,0,0,0,15,0,0,0,0,0,0,27,0,0,197,0,0,0,0,4,3,0,0,0,0,0,0,8,0,0,0,22,53,22,0,32,26,19,0,0,31,97,0,18,1414,0,0,0,0,0,0,0,0,0,0,344,0,275,0,0,8,0,0,203,0,4,11,0,0,0,0,31,1079,0,0,0,0,0,0,0,0,0,0,0,0,0,0,0,0,0,43,19,0,55,1096,0,0,0,4,0,402
Sample 136,29,0,0,0,0,0,1325,31,0,12,13,2496,0,5,0,0,820,0,549,117,0,0,0,0,0,2986,0,0,0,0,0,0,0,0,0,0,143,0,0,0,0,81,84,0,39,0,0,0,0,0,0,0,0,0,7,0,0,0,0,0,0,0,0,43,0,0,0,0,0,0,0,17,0,36,0,0,0,0,187,0,0,0,0,49,0,0,0,0,0,0,0,0,0,0,0,0,0,0,0,3,46,438,0,0,0,19,36,0,0,0,122,0,0,0,0,0,0,0,0,0,0,0,0,0,0,0,0,30,0,118,23,0,1818,1118,0,0,0,10,0,0,0,0,0,0,0,0,67,0,0,0,0,0,0,0,0,3,0,0,0,0,0,0,0,0,0,0,0,0,0,0,0,0,0,0,0,0,0,0,0,0,0,0,0,0,0,0,40,0,78,0,0,0,0,0,0,0,0,0,0,0,0,0,0,0,0,0,0,0,9,0,0,0,0,0,0,0,2,42,0,0,127,0,0,0,0,0,0,0,0,0,0,0,0,0,0,0,0,0,50,0,0,58,13,0,0,0,22,456,3,93,932,3,0,0,0,0,0,0,0,16,0,489,0,176,0,0,0,0,0,763,0,0,9,0,0,0,0,0,2088,0,0,0,0,0,0,0,0,0,0,0,0,0,0,0,0,0,0,0,0,0,436,0,0,0,0,0,407
Sample 137,97,4,0,0,0,0,2994,38,4,14,17,806,0,0,0,0,1056,0,484,30,79,0,0,0,0,6405,0,0,0,0,0,0,0,0,0,0,115,0,0,0,5,115,20,21,132,0,0,0,0,0,0,0,0,0,63,4,0,0,0,8,0,0,55,336,13,0,0,0,0,0,0,685,0,28,0,0,0,0,3,0,0,0,0,260,0,0,0,0,0,0,0,0,0,0,0,0,0,0,0,22,63,526,0,0,0,31,98,0,0,0,27,0,0,0,0,0,0,0,0,0,0,0,0,0,0,0,0,203,0,280,54,287,2715,2483,0,0,0,13,0,0,0,0,0,0,0,0,161,0,0,0,0,0,2,0,0,0,0,0,0,0,0,0,0,0,0,0,0,33,0,0,0,0,0,0,0,0,0,0,0,0,0,0,0,10,0,0,104,0,18,0,0,0,0,0,0,0,109,0,0,0,0,0,0,0,0,0,0,0,75,0,0,0,0,0,0,0,3,39,0,0,0,0,0,0,0,0,3,0,0,0,0,0,0,0,0,0,0,72,0,0,0,81,63,0,0,0,42,342,0,33,1352,7,3,0,0,0,0,0,0,0,0,874,0,715,0,0,12,0,0,495,50,0,46,0,0,0,0,0,939,0,0,0,0,0,0,0,0,0,0,0,0,0,0,0,0,0,27,2,2,0,1651,0,0,0,0,0,398
Sample 138,0,0,0,0,0,0,559,33,0,0,14,1981,0,0,0,0,496,0,1352,116,0,0,0,0,0,1657,0,0,0,0,0,0,0,0,0,0,83,0,0,0,0,79,14,0,18,0,0,0,0,0,0,0,0,0,5,0,0,0,0,0,0,0,0,19,0,0,0,0,0,0,0,39,0,20,0,0,0,0,179,8,0,0,0,4,0,0,0,0,0,0,0,0,0,0,0,0,0,0,0,0,0,422,0,15,0,13,724,0,0,0,28,0,0,0,0,0,0,0,0,0,0,0,0,0,0,0,0,34,0,377,10,0,477,368,0,0,0,12,0,0,0,0,0,0,0,0,152,0,0,0,0,0,0,0,0,0,0,0,0,0,0,0,0,0,0,35,0,63,0,0,0,0,0,0,0,0,0,0,0,0,0,0,0,0,0,0,0,0,32,0,0,0,0,0,0,0,0,0,0,0,0,0,0,0,0,0,0,0,0,0,0,0,0,0,0,0,0,76,0,0,48,0,0,0,0,0,0,0,0,0,0,0,0,0,0,0,0,0,16,0,0,19,120,0,0,0,11,68,0,15,567,0,0,0,0,0,0,0,0,17,0,181,0,377,0,0,0,0,0,393,0,0,175,0,0,0,0,0,1696,0,0,0,0,0,0,0,0,0,0,0,0,0,0,0,0,0,0,3,0,0,176,0,0,0,0,0,152
Sample 139,0,0,0,0,0,0,0,0,0,0,0,73,0,0,0,0,0,0,0,0,0,0,0,0,0,56,0,0,0,0,0,0,0,0,0,2,0,0,0,0,0,7,0,0,0,0,0,0,0,0,0,0,0,0,0,0,0,0,0,0,0,0,0,0,0,0,0,0,0,0,0,6,0,0,0,0,0,0,156,0,0,0,0,34,0,2,0,0,0,0,0,0,0,0,0,0,3,0,0,0,0,261,0,0,0,0,0,0,0,0,0,0,0,0,0,0,0,0,0,0,0,0,0,0,0,0,0,0,0,47,2,273,57,105,0,0,0,56,0,276,0,0,0,0,0,0,0,0,0,0,0,0,0,0,0,19,0,0,0,0,10,0,0,0,0,0,0,0,0,0,0,0,0,0,0,0,0,0,0,0,0,0,0,0,0,0,0,0,17,0,0,0,0,0,0,0,0,0,0,0,0,0,0,0,0,0,0,0,0,0,0,0,0,0,0,0,24,60,0,0,0,0,0,0,0,0,0,0,0,0,0,0,0,0,0,0,0,0,0,12,0,637,0,0,0,0,0,375,0,53,121,0,0,0,0,0,0,0,0,0,5,356,0,117,0,0,228,0,0,3,0,0,0,0,0,0,0,0,42,0,0,0,0,0,0,0,0,0,0,0,0,0,0,0,0,0,0,0,0,0,182,0,0,0,0,3,234
Sample 140,0,0,0,0,0,0,209,0,0,0,4,335,0,0,0,0,979,0,431,0,0,0,0,0,0,641,0,0,0,0,0,0,0,0,0,0,32,0,0,0,0,71,0,0,0,0,0,0,0,0,0,0,0,0,0,0,0,0,0,0,0,0,0,0,0,0,0,0,0,0,0,104,0,0,0,0,0,0,0,0,0,0,0,78,0,0,0,0,0,0,0,0,0,0,0,0,0,0,26,0,0,198,0,0,0,0,0,0,0,0,0,0,0,0,0,0,0,0,0,0,0,0,0,0,0,0,0,18,0,28,0,31,769,482,0,0,0,0,0,0,0,0,0,0,0,0,45,0,0,0,0,0,5,0,0,0,0,0,0,0,0,0,0,0,0,0,0,0,0,0,0,0,0,0,0,0,0,0,0,0,0,0,0,0,0,0,15,0,7,0,0,0,0,0,0,0,0,0,0,0,0,0,0,0,0,0,0,0,0,0,0,0,0,0,0,0,0,109,0,0,0,0,0,0,0,0,0,0,0,0,0,0,0,0,0,0,0,0,0,0,0,11,0,0,0,0,5,90,0,0,128,0,0,0,0,0,0,0,0,0,0,93,0,82,0,0,0,0,0,133,5,0,14,0,0,0,0,0,283,0,0,0,0,0,0,0,0,0,0,0,0,0,0,0,0,0,0,0,0,0,34,0,0,0,0,0,133
Sample 141,1292,0,0,0,0,0,13,0,0,0,0,0,0,0,0,0,0,0,0,0,0,0,0,0,0,17,0,0,0,0,0,0,0,0,0,0,37,0,0,0,0,16,0,0,13,0,0,0,0,0,0,0,0,0,0,0,0,0,0,0,0,0,0,0,0,0,0,0,0,0,0,10,0,0,0,0,0,0,434,47,0,0,30,81,0,2,0,0,0,0,0,0,0,0,0,0,0,0,0,23,0,428,0,0,0,5,5,2,0,0,4,47,0,0,0,0,0,0,0,0,0,0,0,0,0,0,0,45,0,8,6,336,200,341,0,0,0,277,310,7,0,0,0,0,0,0,0,0,0,0,2,0,26,0,0,338,0,0,0,0,11,0,0,0,0,0,0,0,0,0,0,0,0,0,0,0,0,0,0,0,0,0,0,0,0,0,0,0,58,5,0,0,0,37,0,0,0,0,0,0,0,0,0,0,0,0,0,0,0,0,0,0,0,0,0,0,2,64,0,0,0,0,0,0,0,0,0,0,0,0,0,0,0,0,0,0,0,0,3,103,3,1476,0,9,0,0,0,733,0,30,29,0,0,0,0,0,0,0,0,0,28,2523,0,669,0,0,264,0,0,9,0,0,0,0,0,0,0,0,0,0,0,0,0,0,0,0,0,0,0,0,0,0,0,0,0,0,0,0,0,0,8337,0,0,0,0,0,421
Sample 142,6,0,0,0,0,0,759,0,0,0,0,2,0,0,0,0,93,0,0,0,0,0,0,0,0,336,0,0,0,0,0,0,0,0,0,0,210,0,0,0,0,494,0,0,6,0,0,0,0,0,0,0,5,0,3,0,0,0,0,0,0,0,0,4,0,0,0,0,0,0,0,212,0,4,0,0,0,0,1111,240,0,0,2,222,6,0,6,12,0,0,0,0,0,18,0,71,0,0,13,22,2,2074,363,0,0,102,49,31,12,0,2540,1282,0,0,500,18,0,21,0,0,0,0,0,0,0,23,0,827,34,148,166,1150,51,2212,0,0,21,3455,0,589,0,0,0,0,0,0,7,12,0,0,14,0,1001,60,19,1705,0,0,0,0,60,15,0,0,0,0,0,0,0,0,0,0,0,0,0,0,0,0,0,0,0,0,0,0,0,0,31,0,29,4,2,0,0,0,0,0,0,0,0,0,0,0,0,0,0,0,2,0,0,0,10,0,0,0,0,0,0,9,0,0,0,0,0,0,0,4,0,0,0,0,0,0,0,5,0,22,2,12,59,512,7,3385,33,14,0,6,411,2820,0,459,1320,7,0,0,0,0,0,0,0,0,31,7264,0,2300,0,0,5080,0,0,62,0,0,0,0,0,0,0,0,174,0,0,0,0,0,0,0,0,0,0,0,0,0,0,0,0,0,0,3,0,11,1650,0,0,0,0,0,6822
Sample 143,445,0,0,0,0,0,212,0,0,0,0,38,0,0,0,0,0,0,45,0,0,0,0,0,0,43,0,0,0,0,0,0,0,0,0,3,218,0,0,0,79,317,0,0,29,0,0,0,0,0,0,0,0,0,3,0,0,0,0,3,0,0,0,5,0,0,0,0,0,116,0,12148,0,0,0,0,0,0,565,13,7,0,91,2,0,2,0,98,0,0,0,0,0,69,5,12,0,0,684,6,0,1217,243,0,14,6,14,0,0,0,17,0,0,0,0,0,0,0,0,0,13,0,0,5,0,0,0,360,0,28,13,247,16,332,0,0,0,527,27,19,0,0,0,0,0,0,9,0,0,0,0,0,28,0,0,72,0,0,0,0,0,6,0,0,0,0,0,0,0,0,0,0,0,0,0,0,0,0,0,0,0,0,0,0,0,0,26,0,15,0,0,0,0,0,0,0,10,0,0,0,0,0,0,5,0,0,0,0,0,0,0,0,0,0,0,0,0,96,0,0,0,0,0,8,5,0,5,9,0,0,0,0,0,7,0,21,16,130,293,252,129,384,61,86,0,18,171,206,18,76,2878,6,0,6,0,0,0,0,0,0,0,574,0,925,0,0,81,0,0,83,0,0,13,0,0,0,0,0,295,0,0,0,0,0,0,0,0,0,0,0,0,0,0,0,0,0,0,25,0,11,5422,0,0,2,13,0,4910
Sample 144,2,0,0,0,0,0,17,0,0,0,0,2,0,0,0,0,0,0,0,0,0,0,0,0,0,50,0,0,0,0,0,0,0,0,0,0,2,0,0,0,0,29,0,0,0,0,0,0,0,0,0,0,0,0,0,0,0,0,0,0,0,0,0,0,0,0,0,0,0,0,0,212,0,0,0,0,0,0,74,70,0,0,101,108,0,0,0,0,0,0,0,0,0,29,0,57,5,0,6,18,0,577,55,0,3,9,72,0,0,0,119,180,0,0,56,0,0,0,0,0,0,0,13,0,0,14,0,48,0,6,36,291,5,213,0,0,0,536,0,0,0,0,0,0,0,0,9,0,0,0,0,0,56,0,0,48,0,0,18,0,0,0,0,0,0,0,0,0,0,0,0,0,0,0,0,0,0,0,0,0,0,0,0,0,0,0,3,0,58,0,0,0,0,43,0,0,18,0,0,0,0,0,0,0,0,0,0,0,0,0,0,0,0,0,0,0,4,88,0,0,0,0,0,0,0,0,0,0,0,0,0,0,0,0,0,0,0,0,0,0,60,51,19,0,0,2,2,207,0,14,348,0,0,0,0,0,0,0,0,0,0,1306,0,256,0,0,0,0,0,0,0,0,0,0,0,0,0,0,0,0,0,0,0,0,0,0,0,0,0,0,0,0,0,0,0,0,0,0,0,0,342,0,0,0,0,0,629
Sample 145,6,0,0,0,0,0,49,0,0,0,0,0,0,0,0,0,0,0,2,0,0,0,0,0,0,16,0,0,0,0,0,0,0,0,0,0,190,0,0,0,0,105,0,3,2,0,0,0,0,0,0,0,0,0,0,0,0,0,0,0,0,0,0,0,0,0,0,0,0,0,0,1330,0,0,0,0,0,0,146,172,0,0,0,271,0,32,0,7,0,0,0,0,0,91,0,56,0,0,68,10,0,594,105,0,0,5,0,0,0,0,34,58,0,0,12,0,0,0,0,0,0,0,0,0,0,0,0,40,58,95,0,677,125,338,0,0,0,259,0,740,0,0,0,0,0,0,0,0,0,0,0,39,12,0,0,111,0,0,0,0,153,3,0,0,0,0,53,0,0,200,0,0,0,0,7,0,0,0,0,0,0,0,3,0,0,0,5,0,24,0,0,0,0,0,22,3,0,0,0,0,0,0,0,0,0,0,0,0,0,119,0,0,0,0,0,0,0,68,0,0,0,0,0,0,0,0,0,0,0,0,0,0,0,4,0,59,26,112,20,273,3,3557,25,22,0,5,545,1152,0,73,674,2,0,2,0,0,0,0,0,0,0,1988,0,463,0,0,12,0,0,70,0,0,4,0,0,0,0,0,0,0,0,0,0,0,0,0,0,0,0,0,0,0,0,0,0,0,0,3,85,0,563,0,0,0,0,0,527
Sample 146,0,0,0,0,0,0,0,0,0,0,0,0,0,0,0,0,0,0,0,0,0,0,0,0,0,0,0,0,0,0,0,0,0,0,0,0,2,0,0,0,0,3,0,0,0,0,0,0,0,0,0,0,0,0,0,0,0,0,0,0,0,0,0,0,0,0,0,0,0,0,0,3,0,0,0,0,0,0,55,0,0,0,0,58,0,0,0,0,0,0,0,0,0,0,0,0,0,0,0,0,0,537,0,0,0,0,3,0,0,0,0,20,0,0,0,0,0,0,0,0,0,0,0,0,0,0,0,8,114,6,25,0,0,0,0,0,0,15,0,0,0,0,0,0,0,0,0,0,0,0,0,0,3,0,0,0,0,0,0,0,0,0,0,0,0,0,0,0,0,0,0,0,0,0,0,0,0,0,0,0,0,0,0,0,0,0,0,0,4,0,0,0,0,0,0,0,0,0,0,0,0,0,0,0,0,0,0,0,0,0,0,0,0,0,0,0,0,47,0,0,0,0,0,0,0,0,0,0,0,0,0,0,0,0,0,17,0,0,0,0,0,0,0,0,0,0,0,0,0,0,5,0,0,0,0,0,0,0,0,0,0,0,0,0,0,0,0,0,0,0,0,0,0,0,0,0,0,0,0,0,0,0,0,0,0,0,0,0,0,0,0,0,0,0,0,0,0,0,0,0,54,0,0,0,0,0,17
Sample 147,0,0,0,0,0,0,0,0,0,0,0,0,0,0,0,0,0,0,17,0,0,0,0,0,0,0,0,0,0,0,0,0,0,0,0,0,0,0,0,0,0,26,0,0,0,0,0,0,0,0,0,0,0,0,0,0,0,0,0,0,0,0,0,0,0,0,0,0,0,0,0,176,0,0,0,0,0,0,6,0,0,0,0,25,0,0,0,0,0,0,0,0,0,0,0,0,0,0,33,0,0,308,13,0,0,0,0,0,0,0,0,0,0,0,0,0,0,0,0,0,0,0,0,0,0,0,0,107,0,0,6,89,3,0,0,0,0,7,0,0,0,0,0,0,0,0,0,0,0,0,0,0,0,0,0,0,0,0,0,0,0,0,0,0,0,0,0,0,0,0,0,0,0,0,0,0,0,0,0,0,0,0,0,0,0,0,0,0,7,0,0,0,0,0,0,0,0,0,0,0,0,0,0,0,0,0,0,0,0,0,0,0,0,0,0,0,2,151,0,0,0,0,0,0,0,0,0,0,0,0,0,0,0,0,0,0,0,18,0,17,0,24,0,0,0,0,0,17,0,11,187,0,0,0,0,0,0,0,0,0,0,65,0,5,0,0,0,0,0,0,0,0,0,0,0,0,3,0,13,0,0,0,0,0,0,0,0,0,0,0,0,0,0,0,0,0,0,0,0,0,19,0,0,0,0,0,174
Sample 148,0,0,0,0,0,0,0,0,0,0,0,0,0,0,0,0,0,0,0,0,0,0,0,0,0,22,0,0,0,0,0,0,0,0,0,0,2,0,0,0,0,7,0,0,0,0,0,0,0,0,0,0,0,0,0,0,0,0,0,0,0,0,0,0,0,0,0,0,0,0,0,3,0,0,0,0,0,0,30,5,0,0,0,111,0,0,0,0,0,0,0,0,0,0,0,0,0,0,0,0,0,28,0,0,0,0,13,0,0,0,6,0,0,0,15,0,0,0,0,0,0,0,0,0,0,0,0,265,101,5,2,0,0,67,0,0,0,73,0,0,0,0,0,0,0,0,0,0,0,0,0,0,10,0,0,13,0,0,0,0,0,0,0,0,0,0,2,0,0,0,0,0,0,0,0,0,0,0,0,0,0,0,0,0,0,0,0,0,5,0,0,0,0,0,0,0,0,0,0,0,0,0,0,0,0,0,0,0,0,0,0,0,0,0,0,0,4,85,0,0,0,0,0,0,0,0,0,0,0,0,0,0,0,0,0,0,0,26,0,0,0,145,12,0,0,0,0,10,0,0,110,3,60,0,0,0,0,0,0,0,0,71,0,488,0,0,0,0,0,0,0,0,0,0,0,0,0,0,0,0,0,0,0,0,0,0,0,0,0,0,0,0,0,0,0,0,0,0,0,0,21,0,0,0,0,0,323
Sample 149,0,0,0,0,0,0,21,0,0,0,0,0,0,0,0,0,0,0,0,0,0,0,0,0,0,67,0,0,0,0,0,0,0,0,0,0,0,0,0,0,0,0,0,0,0,0,0,0,0,0,0,0,0,0,0,0,0,0,0,0,0,0,0,0,0,0,0,0,0,0,0,9,0,0,0,0,0,0,82,14,0,0,0,25,0,3,0,0,0,0,0,0,0,0,0,0,0,0,0,0,0,61,0,0,0,6,0,0,0,0,0,0,0,0,0,0,0,0,0,0,0,0,0,0,0,0,0,8,0,21,0,0,0,14,0,0,0,0,0,0,0,0,0,0,0,0,0,0,0,0,0,0,15,0,0,12,0,0,0,0,0,0,0,0,0,0,0,0,0,0,0,0,0,0,0,0,0,0,0,0,0,0,0,0,0,0,0,0,23,0,0,0,0,0,0,0,0,0,0,0,0,0,0,0,0,0,0,0,0,0,6,0,0,0,0,0,3,211,0,0,0,0,0,0,0,0,0,0,0,0,0,0,0,0,0,0,0,0,0,0,0,0,26,0,0,0,0,4,0,16,121,0,0,0,0,0,0,0,0,0,0,257,0,0,0,0,0,0,0,0,0,0,0,0,0,0,0,0,0,0,0,0,0,0,0,0,0,0,0,0,0,0,0,0,0,0,0,0,0,0,263,0,0,0,0,0,117
Sample 150,0,0,0,0,0,0,9,0,0,0,0,0,0,0,0,0,0,0,0,0,0,0,0,0,0,24,0,0,0,0,0,0,0,0,0,0,0,0,0,0,0,14,0,0,10,0,0,0,0,0,0,0,0,0,0,0,0,0,0,0,0,0,0,0,0,0,0,0,0,0,0,4,0,0,0,0,0,0,28,0,0,0,0,54,0,3,0,0,0,0,0,0,0,0,0,0,0,0,0,0,0,264,0,0,0,0,129,0,0,0,0,0,0,0,0,0,0,0,0,0,0,0,0,0,0,0,0,3,0,0,0,29,2,39,0,0,0,42,0,0,0,0,0,0,0,0,0,0,0,0,0,0,4,0,0,32,0,0,0,0,0,0,0,0,0,0,0,0,0,0,0,0,0,0,0,0,0,0,0,0,0,0,0,0,0,0,0,0,19,0,0,0,0,0,0,0,0,0,0,0,0,0,0,0,0,0,0,0,0,0,0,0,0,0,0,0,0,100,0,0,0,0,0,0,0,0,0,0,0,0,0,0,0,0,0,0,0,0,25,0,0,20,13,0,0,0,0,12,0,5,90,0,0,0,0,0,0,0,0,0,0,68,0,35,0,0,0,0,0,0,0,0,0,0,0,0,0,0,0,0,0,0,0,0,0,0,0,0,0,0,0,0,0,0,0,0,0,0,0,0,64,0,0,0,0,0,65
Sample 151,32,0,0,0,0,0,840,0,0,0,0,106,0,0,0,0,35,0,19,0,0,0,0,0,0,368,6,0,0,0,0,0,0,0,0,295,15,0,0,0,0,439,0,0,0,0,0,0,0,0,0,0,0,0,0,0,0,0,0,0,0,0,0,0,0,0,0,0,0,0,0,31,0,0,0,0,0,0,1337,168,0,0,89,333,0,46,16,6,0,0,0,3,33,133,25,18,0,63,5,45,0,1630,1459,6,0,38,43,26,0,5,1206,186,0,0,4,0,0,10,0,0,0,0,12,0,0,14,0,214,20,247,725,1004,182,802,0,0,63,1603,349,93,0,0,0,0,0,0,0,3,0,0,46,0,386,0,0,1132,0,0,0,0,21,166,0,0,43,0,0,0,0,0,0,12,0,0,0,0,0,0,0,0,0,0,0,5,0,0,101,12,732,0,19,0,3,42,0,4,0,0,0,0,0,2,0,9,0,0,0,0,0,0,9,0,3,0,0,3,30,146,0,0,0,0,0,15,26,46,20,0,0,0,0,5,0,61,0,11,28,806,1329,533,230,7091,314,124,16,28,296,658,0,198,423,11,0,0,0,0,0,0,0,0,99,1686,0,636,0,0,1843,0,0,577,0,0,2,0,0,0,0,0,65,0,0,0,0,0,0,0,0,0,0,0,0,0,0,0,0,0,0,8,2,5,2038,0,0,0,0,0,1784
Sample 152,3,0,0,0,0,0,0,0,0,0,0,0,0,0,0,0,0,0,0,0,0,0,0,0,0,27,0,0,0,0,0,0,0,0,0,0,0,0,0,0,0,0,0,0,0,0,0,0,0,0,0,0,0,0,0,0,0,0,0,0,0,0,0,0,0,0,0,0,0,0,0,0,0,0,0,0,0,0,52,36,0,0,10,17,0,2,0,6,0,0,0,0,0,0,0,0,0,0,67,0,0,397,160,0,0,0,0,0,0,0,49,0,0,0,0,0,0,0,0,0,0,0,0,0,0,5,0,427,0,0,0,3,3,206,0,0,0,473,0,0,0,0,0,0,0,0,0,0,0,0,0,0,26,0,0,54,0,0,0,0,0,9,0,0,0,0,0,0,0,0,0,0,0,0,0,0,0,0,0,0,0,0,0,0,0,0,0,0,30,0,0,0,0,0,0,0,0,0,0,0,0,0,0,0,0,0,0,0,0,0,0,0,0,0,0,0,0,129,0,0,57,0,0,0,0,0,0,0,0,0,0,0,0,0,0,0,0,0,36,69,0,206,4,0,0,0,3,198,0,0,3,0,0,0,0,0,0,0,0,0,0,159,0,227,0,0,97,0,0,0,0,0,0,0,0,0,0,0,2,0,0,0,0,0,0,0,0,0,0,0,0,0,0,0,0,0,0,0,0,0,635,0,0,0,0,0,168
Sample 153,4,0,0,0,0,0,222,0,0,0,0,0,0,0,0,0,75,0,0,0,0,0,0,0,0,605,0,0,0,0,0,0,0,0,0,0,44,0,0,0,0,297,0,0,2,0,0,0,0,0,0,0,0,0,0,0,0,0,0,0,0,0,0,0,0,0,0,0,0,0,0,237,0,0,0,0,0,0,1287,161,0,7,56,428,0,4,0,122,0,0,0,0,2,34,0,0,0,0,0,11,0,1777,193,0,0,46,91,14,0,0,498,878,0,0,524,0,0,5,0,0,0,0,0,0,0,7,0,617,560,44,85,1531,163,1885,3,0,9,1959,0,964,0,0,0,0,0,0,11,0,0,0,0,0,6,0,0,60,0,0,9,0,85,3,0,0,0,0,0,0,0,0,0,0,0,0,0,0,0,0,0,0,3,0,0,0,0,0,38,0,197,0,6,0,0,26,0,0,0,0,0,0,0,0,0,0,0,0,0,0,0,0,3,0,0,0,0,0,3,20,0,0,0,0,0,0,0,0,3,3,0,0,0,0,0,3,0,175,0,50,62,128,5,4995,79,19,0,5,52,3947,0,210,2934,0,0,0,0,0,0,0,0,0,0,7110,0,3933,0,0,0,0,0,26,0,0,5,0,0,0,0,0,0,0,0,0,0,0,0,0,0,0,0,0,0,0,0,0,0,0,0,3,0,40,1290,0,0,0,0,15,3497
Sample 154,5,0,0,0,0,0,0,0,0,0,0,0,0,0,0,0,0,0,0,0,0,0,0,0,0,2,0,0,0,0,0,0,0,0,0,0,8,0,0,0,0,292,0,0,0,0,0,0,0,0,0,0,0,0,0,0,0,0,0,0,0,0,0,0,0,0,0,0,0,0,0,0,0,0,4,0,0,0,139,17,0,2,0,184,0,0,0,8,0,0,0,0,0,0,0,0,0,0,19,0,0,398,0,0,0,0,0,0,0,0,60,62,0,0,2,0,0,0,0,0,0,0,0,0,0,0,0,13,0,93,4,103,199,130,0,0,0,62,0,407,0,0,0,0,0,0,0,0,0,0,0,0,98,0,0,0,0,0,0,0,12,0,0,0,0,0,0,0,0,0,0,0,0,0,0,0,0,0,0,0,0,0,0,0,0,0,0,0,3,0,0,0,0,0,0,0,0,0,0,0,0,0,0,0,0,0,0,0,0,0,19,0,0,0,0,0,0,26,0,0,0,0,0,0,0,0,0,0,0,0,0,0,0,0,0,0,0,0,13,27,0,1875,8,0,0,0,6,729,0,2,140,0,0,0,0,0,0,0,0,0,3,800,0,220,0,0,0,0,0,428,0,0,0,0,0,0,0,0,76,0,0,0,0,0,0,0,0,0,0,0,0,0,0,0,0,0,0,0,10,0,342,0,0,0,0,62,620
