feature	metadata	value	coef	stderr	N	N.not.0	pval	qval
PD_Monocyte	Group	other	-0.0418193996441432	0.0089631986387805	154	58	6.69598098205069e-06	0.000133919619641014
PD_Th17	Group	other	-0.0737274511846843	0.0224539465012373	154	66	0.00127239657906535	0.0127239657906535
PD_Neutrophil	Group	other	-0.184898220222971	0.0606954688039285	154	153	0.00273188822789601	0.0182125881859734
PD_mDC	Group	other	-0.0157815735225225	0.00567132561389289	154	38	0.00607503267482419	0.030375163374121
PD_pDC	Group	other	-0.0307756308941436	0.0126370239884816	154	74	0.0160342155440678	0.0641368621762714
PD_Fib_1.2	Group	other	0.0719559113783776	0.0326258284102005	154	150	0.028921303953186	0.0964043465106201
PD_LEC	Group	other	0.0220847341734232	0.0103708519726281	154	127	0.0348235842430899	0.0994959549802568
PD_abT_.CD8.	Group	other	-0.00941363219144128	0.00498245894499386	154	27	0.0607487147818511	0.151871786954628
PD_VEC_1.2	Group	other	0.115864372144143	0.0662684333858518	154	153	0.0824120269925452	0.183137837761212
