feature	metadata	value	coef	stderr	N	N.not.0	pval	qval
PD_Monocyte	Group	other	-0.0418193996441442	0.00896319863878056	154	58	6.69598098204849e-06	0.00013391961964097
PD_Th17	Group	other	-0.0737274511846847	0.0224539465012374	154	66	0.00127239657906537	0.0127239657906537
PD_Neutrophil	Group	other	-0.184898220222973	0.0606954688039289	154	153	0.00273188822789592	0.0182125881859728
PD_mDC	Group	other	-0.0157815735225225	0.00567132561389293	154	38	0.00607503267482436	0.0303751633741218
PD_pDC	Group	other	-0.0307756308941441	0.0126370239884817	154	74	0.0160342155440665	0.0641368621762659
PD_Fib_1.2	Group	other	0.0719559113783784	0.0326258284102007	154	150	0.0289213039531854	0.096404346510618
PD_LEC	Group	other	0.0220847341734234	0.0103708519726282	154	127	0.0348235842430893	0.0994959549802551
PD_abT_.CD8.	Group	other	-0.00941363219144144	0.00498245894499389	154	27	0.0607487147818483	0.151871786954621
PD_VEC_1.2	Group	other	0.115864372144144	0.0662684333858522	154	153	0.0824120269925432	0.183137837761207
