feature	metadata	value	coef	stderr	N	N.not.0	pval	qval
Fusobacterium_nucleatum	Group	other	-0.268502270374499	0.07620703151855	154	154	0.00056315232350343	0.0360417487042195
